lid,license_number,license_type,tier,name,licensee,address,zip,municipality,county,zone_id,miles_from_kop,expiration_date,place_id,website,lat,lng,primary_type
DE004a8c7d86,,,core,Fiesta Maya | Mexican Grill,,"200 Pencader Plaza, Newark, DE 19711","19711,",Glasgow,New Castle County,newark_de,,,ChIJuUAmRXCpx4kRGKtdV6dzPNM,https://www.fiestamayamexicangrill.com/?utm_source=google&utm_medium=wix_google_business_profile&utm_campaign=9562526365037300102,39.6592268,-75.7367597,mexican_restaurant
DE005bb26461,,,core,Friendly's,,"1500 Peoples Plaza, Newark, DE 19702","19702,",Glasgow,New Castle County,newark_de,,,ChIJvXOsPW-ox4kR8mBJIBbbHcY,https://locations.friendlysrestaurants.com/ll/US/DE/Newark/1500-people's-plaza/,39.603550899999995,-75.7517725,american_restaurant
DE00aa435ab3,,,core,Big Chill Surf Cantina,,"19406 Coastal Hwy, Rehoboth Beach, DE 19971","19971,",Rehoboth Beach,Sussex County,rehoboth_beach,,,ChIJo5U9Orq3uIkRwsFCbD6LJVM,https://www.bigchillsurfcantina.com/,38.7215445,-75.1214265,bar
DE01442fb197,,,core,Nordstrom Grill,,"100 Christiana Mall, Newark, DE 19702","19702,",Newark,New Castle County,newark_de,,,ChIJOUypOP0Bx4kRB9FjAesxG4Q,https://www.nordstrom.com/store-details/nordstrom-christiana-mall?utm_source=google&utm_medium=organic&utm_campaign=food&utm_content=36639&utm_channel=low_nd_seo_local&sp_source=google&sp_campaign=food,39.680562699999996,-75.6529444,bar_and_grill
DE01470ee0d8,,,core,Bar XIII Delaware,,"1706 Philadelphia Pike, Wilmington, DE 19809","19809,",Trolley Square,New Castle County,wilmington,,,ChIJlQHXkOLjxokRLVlXDOFa0aA,http://www.barxiii.com/,39.7864091,-75.4758731,live_music_venue
DE015cff3502,,,core,Sweet Nel's,,"3901 Concord Pike, Wilmington, DE 19803","19803,",Centreville,New Castle County,hockessin_greenville,,,ChIJNYjSX6D8xokRKEPyNK1WUsU,http://sweetnels.com/,39.8061405,-75.5483627,ice_cream_shop
DE0175181d48,,,core,Honeys Farm Fresh Gourmet Kitchen Breakfast&Lunch,,"329 Savannah Rd #1438, Lewes, DE 19958","19958,",Second Street,Sussex County,lewes,,,ChIJy7YYXk63uIkRy0C3tDKiJ08,https://honeysfarmfresh.com/,38.7730037,-75.14022229999999,breakfast_restaurant
DE017d00facb,,,core,The Knight's Bar,,"500 N Market St, Wilmington, DE 19801","19801,",Trolley Square,New Castle County,wilmington,,,ChIJ-RopmFf9xokRgsYaepaZkkk,http://www.thequeenwilmington.com/,39.741101799999996,-75.5502779,bar
DE01de14e9e2,,,core,Empire,,"2713 Pulaski Hwy, Newark, DE 19702","19702,",Glasgow,New Castle County,newark_de,,,ChIJRR3Gzdmpx4kRANGnz0HPE6M,http://empirenewark.com/,39.6043677,-75.7585777,chinese_restaurant
DE020ff6b2b2,,,core,BAB’s Nashville Hot Chicken,,"174 E Main St, Newark, DE 19711","19711,",Main Street,New Castle County,newark_de,,,ChIJx9QjrEqrx4kRfDuCmtxCCoQ,http://www.babshotchicken.com/,39.6837184,-75.7459185,chicken_restaurant
DE028fe3171e,,,core,Three Amigos Mexican Grill Bar,,"1016 N Lincoln St, Wilmington, DE 19805","19805,",Greenville,New Castle County,hockessin_greenville,,,ChIJsxZZRYL9xokR2EODTEZSqpQ,https://www.toasttab.com/local/order/three-amigos-mexican-grill-1014-north-lincoln-street/r-0f150b50-8c18-440c-a67d-e57af2096a13,39.754248499999996,-75.5677613,mexican_restaurant
DE02cfd33da0,,,core,Sabatina’s Sandwiches,,"94 Clinton St, Delaware City, DE 19706","19706,",Delaware City,New Castle County,new_castle_de,,,ChIJvUxpBKsFx4kRpSylsaMuPM0,https://sabatinas.com/,39.5781784,-75.5894888,sandwich_shop
DE02ef8935ee,,,core,Los Volcanes Mexican Restaurant,,"1639 Pulaski Hwy, Bear, DE 19701","19701,",Bear,New Castle County,newark_de,,,ChIJl4sgqaQHx4kR8NOKOL8K7R4,,39.6202362,-75.6931261,mexican_restaurant
DE033d35fa12,,,core,Cigar Sessions,,"Peach tree station, 17 Wood St Unit 39, Middletown, DE 19709","19709,",Middletown,New Castle County,middletown_de,,,ChIJWz-gCj6hx4kRdIAZ9is29ws,http://www.cigarsessions.com/,39.451173,-75.7212086,store
DE03fd0ecb4b,,,core,Big Fish Grill on the Riverfront,,"720 Justison St, Wilmington, DE 19801","19801,",Riverfront,New Castle County,wilmington,,,ChIJAyaxXGP9xokR5WYEZOb7qIc,http://www.bigfishriverfront.com/,39.732679,-75.56101199999999,seafood_restaurant
DE04866932fb,,,core,Vincente's Restaurant,,"5914 Kirkwood Hwy, Wilmington, DE 19808","19808,",Little Italy,New Castle County,wilmington,,,ChIJAaLrIVAAx4kRvTe5ScmofNQ,http://www.vincentesrestaurant.com/,39.7117556,-75.67755,italian_restaurant
DE052c198109,,,core,Naz's Halal Food - Newport,,"204 W Market St, Wilmington, DE 19804","19804,",Newport,New Castle County,new_castle_de,,,ChIJJQGJ3i0Dx4kR2MP4mf2I3ak,https://nazshalal.com/,39.713223299999996,-75.6122689,halal_restaurant
DE057d4ef457,,,core,Bagels & Boba Cafe,,"214 Peoples Plaza, Newark, DE 19702","19702,",Glasgow,New Castle County,newark_de,,,ChIJTxIYsSqpx4kRRHoujThpKE8,http://bagelbobacafe.com/,39.6016524,-75.7464002,cafe
DE05a84b3614,,,core,Stone Mill Pizza,,"7313 Lancaster Pike #5, Hockessin, DE 19707","19707,",Hockessin,New Castle County,hockessin_greenville,,,ChIJdTK0ucb_xokRZkHfjlQEYoE,http://www.stonemillpizza.com/,39.7884113,-75.69321140000001,pizza_restaurant
DE05d844262e,,,core,Louie's Pizza,,"11 Rehoboth Ave, Rehoboth Beach, DE 19971","19971,",Rehoboth Beach boardwalk,Sussex County,rehoboth_beach,,,ChIJ27oC5W62uIkRaWHuwx8bgEQ,http://www.louiespizzarb.com/,38.7168959,-75.0765819,pizza_restaurant
DE07aab40d0f,,,core,Deer Park Tavern,,"108 W Main St, Newark, DE 19711","19711,",Main Street,New Castle County,newark_de,,,ChIJRQE_gTCqx4kR4q9JLAUNh14,https://www.deerparktavern.com/,39.6832238,-75.7559908,american_restaurant
DE085b6e593c,,,core,Peach Grove Market,,"709 Mapleton Ave, Middletown, DE 19709","19709,",Middletown,New Castle County,middletown_de,,,ChIJ944uOQAJx4kRxe4eldiOTQo,https://www.peachgrovemarket.com/,39.531762,-75.6815786,american_restaurant
DE091d18abe8,,,core,Simmer Down,,"519 N Market St Lower Level, Wilmington, DE 19801","19801,",Trolley Square,New Castle County,wilmington,,,ChIJk6CUpV39xokRwrXNDO5NbSo,https://simmerdownbar.com/?utm_source=google&utm_medium=Local&utm_campaign=Google+My+Business,39.7418838,-75.5506375,cocktail_bar
DE097b9e3b8a,,,core,Famous Rivera Grill,,"7313 Lancaster Pike, Hockessin, DE 19707","19707,",Hockessin,New Castle County,hockessin_greenville,,,ChIJb4Ok93T_xokRWMWOfMWvxyo,http://www.famousriveragrill.com/,39.7886498,-75.6934783,mexican_restaurant
DE098cf14df7,,,core,NY Gyro & Grill,,"3541 Philadelphia Pike, Claymont, DE 19703","19703,",Claymont,New Castle County,new_castle_de,,,ChIJCRvBzlHlxokRFehpuqEuFlI,https://nygyrogrill.com/,39.8031092,-75.4572284,halal_restaurant
DE09fd52a099,,,core,Taverna Rustic Italian Wilmington,,"3549 Silverside Rd, Wilmington, DE 19810","19810,",Little Italy,New Castle County,wilmington,,,ChIJk-HOmSv7xokRJ7wbwURLaHk,http://tavernapdg.com/,39.8094414,-75.54476129999999,italian_restaurant
DE0ab0e8da46,,,core,Union Street Pub,,"729 N Union St, Wilmington, DE 19805","19805,",Union Street,New Castle County,wilmington,,,ChIJ6cM9l7f9xokRf82ucm0d0zQ,http://unionstreetpub.com/,39.752251799999996,-75.5712664,restaurant
DE0b0016792f,,,core,Metro Diner,,"745 Middletown Warwick Rd, Middletown, DE 19709","19709,",Middletown,New Castle County,middletown_de,,,ChIJhQsU8T6gx4kR0uKnCSUse7o,https://metrodiner.com/locations/delaware/middletown/?utm_source=gmb-listing-map&utm_medium=organic&utm_campaign=google-my-business,39.443316599999996,-75.7411935,diner
DE0b0f0283f8,,,core,The Greenhouse Gastropub,,"102 E Main St Unit 100, Newark, DE 19711","19711,",Main Street,New Castle County,newark_de,,,ChIJYUa_it6rx4kRga2w0yasyc8,https://www.thegreenhousede.com/,39.6834801,-75.7492595,restaurant
DE0c33a02ecb,,,core,Northbeach,,"125 McKinley Ave, Dewey Beach, DE 19971","19971,",Dewey Beach,Sussex County,dewey_beach,,,ChIJr9G09Ry2uIkR8FE3jlfAkGI,http://www.northbeachdewey.com/,38.692969999999995,-75.0784307,bar
DE0c4d48db12,,,core,Cafe Scalessa,,"4414 Limestone Rd, Wilmington, DE 19808","19808,",Little Italy,New Castle County,wilmington,,,ChIJC3fbKQABx4kRu6Zrnb6yYa4,https://cafescalessa.toast.site/,39.738815699999996,-75.6886682,italian_restaurant
DE0cd7c06837,,,core,First Watch,,"325 Middletown Warwick Rd, Middletown, DE 19709","19709,",Middletown,New Castle County,middletown_de,,,ChIJL52BWW-hx4kRdrrRARx7mIE,https://www.firstwatch.com/locations/middletown-warwick-road/?utm_source=gbp-listing&utm_medium=organic&utm_campaign=gbp-listing&utm_content=middletown-warwick-road,39.4556037,-75.7236368,breakfast_restaurant
DE0d2e7bf4ac,,,core,Thurston's Pub,,"32 Fox Hunt Dr, Bear, DE 19701","19701,",Newark,New Castle County,newark_de,,,ChIJc9AnZSCox4kR7eVfcFu1YxA,http://www.thurstonspubde.com/,39.607096999999996,-75.714759,bar
DE0d3356a36f,,,core,Wings To Go,,"1814 Coastal Hwy, Dewey Beach, DE 19971","19971,",Coastal Highway,Sussex County,dewey_beach,,,ChIJka69khy2uIkRGNxfVRhJKOg,http://www.wingstogo.com/,38.6941919,-75.0747347,chicken_wings_restaurant
DE0d904a49e5,,,core,Hooters,,"194 S Dupont Hwy, New Castle, DE 19720","19720,",Christiana,New Castle County,newark_de,,,ChIJc2P83vgDx4kRLNdxVW4hohQ,https://www.hooters.com/locations/32708-new-castle?utm_source=google&utm_medium=organic&utm_campaign=gmb-website-cta-new+castle-de-new+castle,39.6563238,-75.6137305,sports_bar
DE0d9a44844a,,,core,Grand East Buffet,,"2072 Naamans Rd, Wilmington, DE 19810","19810,",Claymont,New Castle County,new_castle_de,,,ChIJIehfu-vkxokRyDs3NyiNBsc,http://www.grandeastbuffetde.com/,39.8236694,-75.4990539,buffet_restaurant
DE0e29e0fe75,,,core,Redlion Inn Liquors and Tavern,,"1575 Red Lion Rd, Bear, DE 19701","19701,",Bear,New Castle County,newark_de,,,ChIJdxDtjc8Hx4kRmX6_xipuCrY,,39.592793,-75.6783719,liquor_store
DE0e2c991f6c,,,core,Cheek's Bar,,"1050 S Market St, Wilmington, DE 19801","19801,",Market Street,New Castle County,wilmington,,,ChIJk4bQd04Dx4kRQTP8afQ4Vf0,,39.7206682,-75.5551314,bar
DE0f672f51b4,,,core,Starboard Sauced,,"2001 Coastal Hwy, Dewey Beach, DE 19971","19971,",Coastal Highway,Sussex County,dewey_beach,,,ChIJzdUk7Km3uIkRu5qLYk0Zak8,https://starboardsauced.com/,38.695287799999996,-75.0754647,restaurant
DE0fcc6ae5bb,,,core,Drip Cafe,,"60 N College Ave, Newark, DE 19711","19711,",Main Street,New Castle County,newark_de,,,ChIJj6IYQcCrx4kRt9eoAxnwPAI,http://www.dripcafede.com/,39.6852108,-75.7541945,cafe
DE0ff4170515,,,core,Krazy Kat's,,"528 Montchanin Rd, Montchanin, DE 19710","19710,",Hockessin,New Castle County,hockessin_greenville,,,ChIJk9PVU0L8xokRMgGLRv66nQU,https://krazykatsde.com/,39.789520499999995,-75.589105,restaurant
DE102aa6c988,,,core,Lounge at Eighth,,"801 N Union St, Wilmington, DE 19805","19805,",Union Street,New Castle County,wilmington,,,ChIJy50lnMj9xokR0lS_vGe1ZFs,https://www.loungeat8th.com/,39.7524434,-75.5711769,american_restaurant
DE11102cad81,,,core,Market Street Burgers,,"1313 N Market St, Wilmington, DE 19801","19801,",Market Street,New Castle County,wilmington,,,ChIJFTBnHkj9xokRWAZ2aZmVuwQ,https://www.thechancerymarket.com/market-street-burgers-and-dogs-near-me-wilmington/,39.748898,-75.5460602,american_restaurant
DE111d05f7ab,,,core,Tag Puan,,"482 Bear Christiana Rd, Bear, DE 19701","19701,",Bear,New Castle County,newark_de,,,ChIJ1TNQR7oHx4kRW70K6c072xk,,39.6471994,-75.65724329999999,restaurant
DE1164636e3e,,,core,CP's Pub,,"5 Polly Drummond Shopping Center, Newark, DE 19711","19711,",Main Street,New Castle County,newark_de,,,ChIJ0SfqAgMBx4kRd9ExdyWSWkU,,39.7184084,-75.710529,bar
DE11a40fcd6d,,,core,Fairfax Tavern,,"5 Murphy Rd, Wilmington, DE 19803","19803,",Centreville,New Castle County,hockessin_greenville,,,ChIJDXcRFmv9xokRk-sKUL6yBsw,,39.786179499999996,-75.54457409999999,bar
DE1205860cb5,,,core,McGlynns Pub - Glasgow,,"108 Peoples Plaza, Newark, DE 19702","19702,",Newark,New Castle County,newark_de,,,ChIJ04H6yW-ox4kR3Zb9UBo9uPI,https://www.mcglynnspub.com/,39.601043,-75.746269,pub
DE122a63d619,,,core,Dew Point Brewing Company,,"2878 Creek Rd, Yorklyn, DE 19736","19736,",Trolley Square,New Castle County,wilmington,,,ChIJ61nZLiT_xokRgil3lo_R-xU,http://www.dewpointbrewing.com/,39.8088798,-75.67417139999999,brewery
DE123c7173f7,,,core,Famous Joe's Tavern,,"1812 Marsh Rd #403, Wilmington, DE 19810","19810,",Centreville,New Castle County,hockessin_greenville,,,ChIJZeTLyqHkxokRjfnKvoPQLo4,http://famous-joes-tavern.edan.io/,39.8049178,-75.5064895,bar
DE130fbfeec4,,,core,Tikka Masala Delaware Indian Cuisine and Bar,,"830 Peoples Plaza, Newark, DE 19702","19702,",Glasgow,New Castle County,newark_de,,,ChIJZfAawz-px4kR3ihtNWHzA9s,https://tikkamasalade.com/?utm_source=google,39.6020008,-75.7478342,indian_restaurant
DE138e78bd27,,,core,Spirit Of The East,,"416 N Union St, Wilmington, DE 19805","19805,",Union Street,New Castle County,wilmington,,,ChIJ15_DVQD9xokRACPjMpYg8yk,https://spiritoftheeastusa.com/,39.749793,-75.5723594,restaurant
DE13c38290e1,,,core,Villa Sorrento,,"1551 Savannah Rd #3, Lewes, DE 19958","19958,",Second Street,Sussex County,lewes,,,ChIJj2XNZNq5uIkRWv-E84l2hP4,http://www.villasorrentode.com/,38.7520467,-75.1645249,italian_restaurant
DE13ce8c0808,,,core,"Hibachi Japanese Steak House & Sushi Bar , Bear DE",,"1160 Pulaski Hwy, Bear, DE 19701","19701,",Bear,New Castle County,newark_de,,,ChIJ9YDtOuMGx4kRN4jG7n_KgHM,,39.629698,-75.663287,japanese_restaurant
DE1464337baa,,,core,Cosmos Restaurant,,"316 S Maryland Ave, Wilmington, DE 19804","19804,",Elsmere,New Castle County,new_castle_de,,,ChIJm0YHGHECx4kRA2J-HvaUbIo,http://www.cosmos-restaurant.com/,39.7256484,-75.58963949999999,diner
DE146a0b42fa,,,core,Le Cavalier,,"42 W 11th St, Wilmington, DE 19801","19801,",Trolley Square,New Castle County,wilmington,,,ChIJiXshhz_9xokRkpI4ryw30SI,https://www.lecavalierde.com/,39.7464836,-75.54784579999999,restaurant
DE14f70734db,,,core,Nalu,,"41 Rehoboth Ave, Rehoboth Beach, DE 19971","19971,",Rehoboth Avenue,Sussex County,rehoboth_beach,,,ChIJi8XISu23uIkRgfirpysUQhU,http://www.nalusurfbar.com/,38.7168602,-75.0775756,restaurant
DE1543d2ec02,,,core,Asian House,,"1222 Beaver Brook Plz, New Castle, DE 19720","19720,",Bear,New Castle County,newark_de,,,ChIJrfNP6qYGx4kRnalZK4si19E,,39.641389,-75.6246924,asian_restaurant
DE155b2a9fb6,,,core,Istanbul Grill,,"1 Chesmar Plaza, Newark, DE 19713","19713,",Newark,New Castle County,newark_de,,,ChIJESBpJEOpx4kR2fyt4xlXvIg,https://istanbulgrillde.com/,39.6620284,-75.7266396,turkish_restaurant
DE159673e6c2,,,core,Drip Cafe,,"144 Lantana Dr, Hockessin, DE 19707","19707,",Hockessin,New Castle County,hockessin_greenville,,,ChIJjU_NrIn_xokRqHzcy3uuzao,http://www.dripcafede.com/,39.773096599999995,-75.70937909999999,cafe
DE15d7f55f51,,,core,BAKED Coffee Bar,,"2000 Coastal Hwy, Dewey Beach, DE 19971","19971,",Coastal Highway,Sussex County,dewey_beach,,,ChIJKxGZEhu2uIkRwoPt5k9LIfE,http://bakedcoffeebar.com/,38.695493,-75.0749463,bakery
DE162f7f2be8,,,core,Limestone BBQ and Bourbon,,"2062 Limestone Rd, Wilmington, DE 19808","19808,",Pike Creek,New Castle County,hockessin_greenville,,,ChIJ0S-Gd0sBx4kROajc7kTlomo,https://www.limestonebbqandbourbon.com/,39.7220839,-75.65729739999999,barbecue_restaurant
DE171205d57d,,,core,Friendly's,,"80 Lantana Dr, Hockessin, DE 19707","19707,",Hockessin,New Castle County,hockessin_greenville,,,ChIJsYrQGYj_xokR6dPJzOCLqeY,https://locations.friendlysrestaurants.com/ll/US/DE/Hockessin/80-lantana-drive/,39.772945,-75.71144699999999,american_restaurant
DE17158824f9,,,core,Big Fish Grill Rehoboth,,"20298 Coastal Hwy, Rehoboth Beach, DE 19971","19971,",Rehoboth Beach,Sussex County,rehoboth_beach,,,ChIJb3dlhDe2uIkRxyT4eVcjf8I,http://bigfishgrill.com/,38.710677,-75.0988492,seafood_restaurant
DE184058b326,,,core,P.J. Whelihan’s Pub + Restaurant – Pike Creek,,"4732 Limestone Rd Suite 0012, Wilmington, DE 19808","19808,",Pike Creek,New Castle County,hockessin_greenville,,,ChIJow8EtXcBx4kRJW_EduZ2IQw,https://pjspub.com/,39.7401428,-75.6910331,restaurant
DE189f4cfc8b,,,core,Fifer's Farm Kitchen - Dewey Beach,,"200 Cullen St, Dewey Beach, DE 19971","19971,",Dewey Beach,Sussex County,dewey_beach,,,ChIJ_UuDVBe2uIkReGRPXag2Tp4,https://www.clover.com/online-ordering/deweybeach,38.700081999999995,-75.07872449999999,sandwich_shop
DE18f838f641,,,core,Two Stones Pub Wilmington,,"2502 Foulk Rd, Wilmington, DE 19810","19810,",Trolley Square,New Castle County,wilmington,,,ChIJHc6W-uvkxokRyjRu0SbHkVg,http://www.twostonespub.com/,39.825306999999995,-75.4990121,restaurant
DE196c5ffd19,,,core,Freddy's Frozen Custard & Steakburgers,,"645 S Ridge Ave, Middletown, DE 19709","19709,",Middletown,New Castle County,middletown_de,,,ChIJhfV5-zahx4kRBGYYVFXYyHI,https://www.freddys.com/location/middletown-de?utm_source=google&utm_medium=organic,39.4469689,-75.7328361,hamburger_restaurant
DE196d77fd0e,,,core,Shorebreak Lodge,,"10 Wilmington Ave, Rehoboth Beach, DE 19971","19971,",Rehoboth Avenue,Sussex County,rehoboth_beach,,,ChIJX1I9mG62uIkR4vndDAexyCo,https://www.shorebreaklodge.com/,38.7154086,-75.0770388,american_restaurant
DE198a4fb0f5,,,core,Cabañas Restaurant,,"18388 Coastal Hwy #7, Lewes, DE 19958","19958,",Savannah Road,Sussex County,lewes,,,ChIJjSykoXi3uIkR0OA52p-mK3c,http://ordercabanasrestaurant.com/,38.7397408,-75.1473711,restaurant
DE1997551cce,,,core,Buffalo Wild Wings,,"100 S Main St, Newark, DE 19711","19711,",Main Street,New Castle County,newark_de,,,ChIJCfROOy2qx4kRkc2UGCDrT-Y,https://www.buffalowildwings.com/locations/us/de/newark/100-south-main-street/sports-bar-649/?utm_source=google-my-business&utm_medium=organic&utm_campaign=website-link&y_source=1_MjAxNjYxMTI3OS03MTUtbG9jYXRpb24ud2Vic2l0ZQ%3D%3D,39.6804249,-75.759428,chicken_wings_restaurant
DE19df1ced4e,,,core,Shaka Ramen,,"400 S Ridge Ave, Middletown, DE 19709","19709,",Middletown,New Castle County,middletown_de,,,ChIJxaeN6wKhx4kRCNFqx6Yt40E,http://www.shakaramen.us/,39.448852699999996,-75.7325769,ramen_restaurant
DE1a209c88c1,,,core,RB Kabob & Grill,,"2 N 1st St, Rehoboth Beach, DE 19971","19971,",Rehoboth Beach boardwalk,Sussex County,rehoboth_beach,,,ChIJf0qkM2m2uIkRNDR-Hr-gBqM,https://www.rbkabobgrill.com/,38.7168223,-75.0789033,mediterranean_restaurant
DE1a62273d75,,,core,Bear Diner,,"603 Pulaski Hwy, Bear, DE 19701","19701,",Bear,New Castle County,newark_de,,,ChIJ-YdUYbAGx4kR3VBtUbKYKWU,http://www.beardinerde.com/,39.6475355,-75.63496669999999,diner
DE1a63b2b4e7,,,core,Gaudiello's Italian Hoagies,,"29A Trolley Square, Wilmington, DE 19806","19806,",Trolley Square,New Castle County,wilmington,,,ChIJ36BIDhD9xokRaQTcGcD5THw,https://sandwichmob.com/?utm_source=google,39.7579297,-75.5613355,sandwich_shop
DE1b7a7abd95,,,core,Starboard Raw,,"2000 Coastal Hwy, Dewey Beach, DE 19971","19971,",Dewey Beach,Sussex County,dewey_beach,,,ChIJ0abLEhu2uIkRoJhWMSq1iag,http://starboardraw.com/,38.6953767,-75.0749172,seafood_restaurant
DE1c1eac2272,,,core,Jing Fong Restaurant,,"2089 Philadelphia Pike, Claymont, DE 19703","19703,",Claymont,New Castle County,new_castle_de,,,ChIJ9QoW74TjxokR1_LY8WLyfNQ,https://www.jingfongclaymontde.com/,39.789102,-75.473956,chinese_restaurant
DE1c26fef60b,,,core,EMMACULATE SPORTS BAR,,"3800 N Dupont Hwy, New Castle, DE 19720","19720,",New Castle,New Castle County,new_castle_de,,,ChIJQ3TiOAADx4kRBTDQRAl6RAs,http://www.emmaculatesportsbar.com/,39.70867750000001,-75.56437939999999,hookah_bar
DE1c499fcbf0,,,core,The Cheesecake Factory,,"350 Christiana Mall, Newark, DE 19702","19702,",Christiana,New Castle County,newark_de,,,ChIJ____jz0Bx4kRppAKWlDau6I,https://locations.thecheesecakefactory.com/de/newark-151.html?utm_source=Google&utm_medium=Maps&utm_campaign=Google+Places,39.6787384,-75.6510922,american_restaurant
DE1c7d76faa0,,,core,The Green Mansion Bar,,"94 E Main St, Newark, DE 19711","19711,",Main Street,New Castle County,newark_de,,,ChIJSc74kOerx4kRO5r_BAX64As,https://www.hyatt.com/info/hyatt-place-newark-main-street-menu,39.683433799999996,-75.7495479,bar
DE1ca028a4f0,,,core,The Dewey Post,,"1205 Coastal Hwy, Dewey Beach, DE 19971","19971,",Dewey Beach,Sussex County,dewey_beach,,,ChIJP1wO20PJuIkRrJHt75V0--Q,https://thedeweypost.com/the-dewey-post/,38.6885224,-75.0745522,cafe
DE1cca2401c3,,,core,J D Shuckers,,"20750 John J. Williams Hwy #11, Lewes, DE 19958","19958,",Nassau,Sussex County,lewes,,,ChIJh2nUyQa4uIkR0MmBT5OqVwA,http://www.jdshuckersdelaware.com/,38.700199999999995,-75.169871,seafood_restaurant
DE1d19b1ee4d,,,core,m2o Burgers & Salads,,"42 E Main St, Newark, DE 19711","19711,",Main Street,New Castle County,newark_de,,,ChIJM2h_u7erx4kRjYM1sE13qWs,http://www.m2oburgers.com/,39.6832444,-75.7518221,hamburger_restaurant
DE1d4ef4d971,,,core,6 Paupers Tavern & Restaurant,,"7465 Lancaster Pike Ste L 2nd Floor, Hockessin, DE 19707","19707,",Hockessin,New Castle County,hockessin_greenville,,,ChIJgXcdw3b_xokRCiGda5c8PHU,https://www.sixpaupers.com/,39.7896919,-75.6980286,american_restaurant
DE1d6a06aabf,,,core,Rockwell's On Main,,"147 E Main St, Newark, DE 19711","19711,",Main Street,New Castle County,newark_de,,,ChIJu77d_Zerx4kRQgu171Z5yLo,https://www.rockwellsonmain.com/,39.6832925,-75.746771,american_restaurant
DE1d84c4f479,,,core,Hayworth & Finch Café,,"11A Trolley Square, Wilmington, DE 19806","19806,",Trolley Square,New Castle County,wilmington,,,ChIJhXiBABX9xokRi6mspm2r_dM,https://www.hayworthandfinch.com/,39.7577315,-75.56164609999999,restaurant
DE1de136e0d7,,,core,Christiana Pub,,"10 W Main St, Christiana, DE 19702","19702,",Main Street,New Castle County,newark_de,,,ChIJKW42sy4Bx4kRTDc-aTfOLr4,http://www.christianapub.com/,39.6655725,-75.6616063,bar
DE1ea8a9c186,,,core,Twisted Irons Craft Brewing Co,,"303 Ruthar Dr Suites E & F, Newark, DE 19711","19711,",Union Street,New Castle County,wilmington,,,ChIJNa4bVC8Bx4kReYwdjPtOG1s,http://www.twistedironsbrewery.com/,39.691280299999995,-75.69857019999999,brewery
DE1f4b3881c8,,,core,Docklands Riverfront,,"110 West St, Wilmington, DE 19801","19801,",Trolley Square,New Castle County,wilmington,,,ChIJteew_GX9xokRieiPB9CvH7c,https://docklandsriverfront.com/,39.7370491,-75.55723569999999,american_restaurant
DE1f67168e3a,,,core,Bethany Blues,,"18385 Coastal Hwy, Lewes, DE 19958","19958,",Second Street,Sussex County,lewes,,,ChIJl89Qi3i3uIkRJJ2YCm7kdsE,https://bethanyblues.com/lewes/?y_source=1_OTMxMzczMDAtNzE1LWxvY2F0aW9uLndlYnNpdGU%3D,38.740708000000005,-75.146124,barbecue_restaurant
DE1fc312fb72,,,core,Shake Shack Christiana,,"2120 Fashion Center Blvd, Christiana, DE 19702","19702,",Christiana,New Castle County,newark_de,,,ChIJB57sYDkBx4kRRbLuD2-Dl70,https://www.shakeshack.com/location/christiana-de/?utm_source=google&utm_medium=listing,39.67243740000001,-75.6495194,hamburger_restaurant
DE1ff9f7bfed,,,core,Banks' Seafood Kitchen and Raw Bar,,"101 S Market St, Wilmington, DE 19801","19801,",Riverfront,New Castle County,wilmington,,,ChIJlaqrQ2b9xokReEE_PuQVJjY,http://www.banksseafoodkitchen.com/,39.737067499999995,-75.5548562,seafood_restaurant
DE201cce429b,,,core,Egg,,"510 Rehoboth Ave, Rehoboth Beach, DE 19971","19971,",Rehoboth Avenue,Sussex County,rehoboth_beach,,,ChIJ35IDtMe3uIkRLdxwSY0BP-U,http://eggrehoboth.com/,38.714459999999995,-75.0919121,brunch_restaurant
DE2051ed40d9,,,core,Mar Y Tierra Restaurante,,"711 Ace Memorial Dr, Hockessin, DE 19707","19707,",Hockessin,New Castle County,hockessin_greenville,,,ChIJRehtMTP_xokRKvTvjH9k4Sg,https://marytierrarestaurante.org/,39.793785,-75.7090444,restaurant
DE2165044f8e,,,core,Café 67,,"209 Newark Shopping Center, 230 E Main St, Newark, DE 19711","19711,",Main Street,New Castle County,newark_de,,,ChIJ778g6juqx4kRgTFtWi-_RPw,https://www.newark.coop/cafe-67,39.685123499999996,-75.7433385,cafe
DE21c9f24386,,,core,Luigi Vitrone's Pastabilities,,"415 N Lincoln St, Wilmington, DE 19805","19805,",Trolley Square,New Castle County,wilmington,,,ChIJFb3nK3X9xokRcljoGZKv2oQ,https://ljvpastabilities.com/,39.749499,-75.5715599,italian_restaurant
DE2223037f1a,,,core,Trolley Tap House,,"1616 Delaware Ave, Wilmington, DE 19806","19806,",Trolley Square,New Castle County,wilmington,,,ChIJ2eMjGRD9xokR9I2a3kBXMtA,http://www.trolleytaphouse.com/,39.757577399999995,-75.56228020000002,bar
DE2246a7dd00,,,core,The Reader's Café,,"3022 New Castle Ave, New Castle, DE 19720","19720,",New Castle,New Castle County,new_castle_de,,,ChIJD4cqX7sDx4kRItmq9iuQPVo,http://newcastlede.gov/readerscafe,39.701909799999996,-75.5509374,restaurant
DE22c7635fb4,,,core,"Friendship BBQ, Newark友情客串",,"230 E Main St Ste 205, Newark, DE 19711","19711,",Main Street,New Castle County,newark_de,,,ChIJW6Ck6lKrx4kRz_-J23RV8JQ,http://bbqnewark.com/,39.6847402,-75.7434035,chinese_restaurant
DE22ef30363a,,,core,Casablanca | Moroccan Restaurant,,"4010 N Dupont Hwy, New Castle, DE 19720","19720,",New Castle,New Castle County,new_castle_de,,,ChIJCV4uPJICx4kRrVgnbf1q7eI,https://casablancade.com/,39.7121595,-75.5610377,moroccan_restaurant
DE238b6605af,,,core,Klondike Kate's Restaurant & Saloon,,"158 E Main St, Newark, DE 19711","19711,",Main Street,New Castle County,newark_de,,,ChIJEb_2Wzqqx4kR3F3PGLhduYs,https://www.klondikekates.com/,39.683732299999996,-75.7469155,american_restaurant
DE239f3366cb,,,core,Young's BBQ,,"401 E Main St, Middletown, DE 19709","19709,",Townsend,New Castle County,middletown_de,,,ChIJ3VcjbpAKx4kRqmv8xC5QTJ0,http://youngsbbqde.com/,39.4512703,-75.70175689999999,barbecue_restaurant
DE23baa43531,,,core,TGI Fridays,,"650 S College Ave, Newark, DE 19713","19713,",Main Street,New Castle County,newark_de,,,ChIJA6OhEJupx4kRoowQRDUbiDs,https://locations.tgifridays.com/de/newark/650-s-college-ave.html,39.659184,-75.753306,restaurant
DE241b2ba2b2,,,core,La Pizzeria Metro,,"3101 Miller Rd, Wilmington, DE 19802","19802,",Little Italy,New Castle County,wilmington,,,ChIJH3qRizr9xokR7InRNMMTnrw,http://www.lapizzeriametro.com/,39.7660808,-75.5374853,restaurant
DE249cd53ad1,,,core,Tiki Jac's Street Eats & Brews,,"71 Rehoboth Ave, Rehoboth Beach, DE 19971","19971,",Rehoboth Avenue,Sussex County,rehoboth_beach,,,ChIJ2SjA4IO3uIkRVmbn7M2fXhQ,http://www.tikijacs.com/,38.71676,-75.0786585,restaurant
DE24d26181e2,,,core,Kirkwood Country Club,,"2612 Kirkwood Hwy, Newark, DE 19711","19711,",Newark,New Castle County,newark_de,,,ChIJAS48K_kBx4kR0NYMg7-xL_Y,https://kirkwoodcountry.club/,39.705916099999996,-75.6848301,bar
DE24f2f35a8d,,,core,The Listening Booth,,"18388 Coastal Hwy #11, Lewes, DE 19958","19958,",Savannah Road,Sussex County,lewes,,,ChIJjVu9f_y3uIkRdMSjZAq6n68,http://www.listeningbooth.com/,38.739576799999995,-75.1473807,live_music_venue
DE24fc383b51,,,core,Greenman on 24,,"33247 Fairfield Rd, Lewes, DE 19958","19958,",Lewes,Sussex County,lewes,,,ChIJEdCvv8C5uIkRKByx9U9-SiE,http://www.greenmanjuicebar.com/,38.7006077,-75.1689117,restaurant
DE24fe3861e7,,,core,Mom's Kitchen,,"22 Fox Hunt Dr, Bear, DE 19701","19701,",Bear,New Castle County,newark_de,,,ChIJc9AnZSCox4kRJpIxBkAd_4s,https://momskitchentogo.com/,39.607301,-75.714806,chinese_restaurant
DE2508a1c7b5,,,core,Bankshots,,"2689 Pulaski Hwy, Newark, DE 19702","19702,",Newark,New Castle County,newark_de,,,ChIJ8Y8aqmOox4kRanfJcwSDmBQ,https://www.facebook.com/bankshots40/,39.6046337,-75.75792609999999,bar
DE2525177d0a,,,core,Arena's Deli and Bar,,"149 Rehoboth Ave, Rehoboth Beach, DE 19971","19971,",Rehoboth Beach,Sussex County,rehoboth_beach,,,ChIJhaXPQWm2uIkRNpC4VSixV_Y,https://www.arenasdeliandbar.com/,38.7167013,-75.08092309999999,restaurant
DE25309cf2fa,,,core,Little Italy Pizza,,"325 Main St, Townsend, DE 19734","19734,",Townsend,New Castle County,middletown_de,,,ChIJqXiRY2x1x4kR1FZ34zc9QAk,https://littleitalypizzashop-lips.com/,39.3945724,-75.693747,pizza_restaurant
DE253814a680,,,core,Le Shio,,"2303 Concord Pike, Wilmington, DE 19803","19803,",Centreville,New Castle County,hockessin_greenville,,,ChIJb0tvn778xokRl4WoLxlY2wI,http://leshioasianfusion.com/,39.792056099999996,-75.54586379999999,asian_fusion_restaurant
DE25a539bee0,,,core,Cafe Napoli,,"4391 Kirkwood Hwy, Wilmington, DE 19808","19808,",Little Italy,New Castle County,wilmington,,,ChIJ7Zh3U8QBx4kRfsyo3_5hSq8,http://cafenapolidelaware.com/,39.728506599999996,-75.6536165,italian_restaurant
DE25c4b1b27e,,,core,"Scalessa's ""My Way"" Old School Italian Kitchen",,"1836 N Lincoln St, Wilmington, DE 19806","19806,",Trolley Square,New Castle County,wilmington,,,ChIJN-uQ0xr9xokRpTRWIPWNp_M,https://www.scalessas.com/,39.7608155,-75.56237329999999,italian_restaurant
DE25d9f901f6,,,core,The Local Bootlegging Co. (Formerly 302 The Local),,"19819 Coastal Hwy, Rehoboth Beach, DE 19971","19971,",Rehoboth Avenue,Sussex County,rehoboth_beach,,,ChIJFwog9dW3uIkRhnksYGhAoqA,https://302thelocal.com/,38.7166504,-75.1087321,restaurant
DE25f13df8fb,,,core,"La Tolteca Mexican Kitchen and Bar - Greenville, DE",,"304 Buckley Ml Rd, Greenville, DE 19807","19807,",Greenville,New Castle County,hockessin_greenville,,,ChIJK0Rik7b9xokRtOfVBTzD0qY,http://www.tolteca.co/,39.7590924,-75.6022729,mexican_restaurant
DE2697ece4eb,,,core,Two Cousin's Pizza,,"7460 Lancaster Pike, Hockessin, DE 19707","19707,",Hockessin,New Castle County,hockessin_greenville,,,ChIJSzjj-nb_xokRODaOzVH_X1Q,http://twocousinspizzeria.com/,39.789194099999996,-75.6989914,pizza_restaurant
DE26f3edb53d,,,core,Del Pez Riverfront,,"400 Justison St, Wilmington, DE 19801","19801,",Trolley Square,New Castle County,wilmington,,,ChIJ_ZP-_WT9xokRnQqqB_L3MLw,https://www.delpezmexicanpub.com/,39.7354935,-75.55987499999999,gastropub
DE278a90f80d,,,core,Brandywine Club,,"135 Princeton Ave, Claymont, DE 19703","19703,",Claymont,New Castle County,new_castle_de,,,ChIJh9lq0YvjxokRLrbsTFQWur4,,39.7939887,-75.4626952,bar
DE28f5ec7094,,,core,Big John's Barbecue,,"1575 Red Lion Rd, Bear, DE 19701","19701,",Bear,New Castle County,newark_de,,,ChIJxR9ivOEHx4kRPygSEAvMxl4,https://www.bigjohnsbarbecue.com/,39.5928817,-75.67833159999999,barbecue_restaurant
DE28ffa05ccc,,,core,Chesapeake Crab Company,,"115 E Market St, Newport, DE 19804","19804,",Newport,New Castle County,new_castle_de,,,ChIJOXe7ymoDx4kR9gEhdVoZUak,https://www.chesapeakecrabco.com/,39.7141917,-75.608018,restaurant
DE2988f27c0e,,,core,El Tapatío Mexican Restaurant,,"550 Eden Cir, Bear, DE 19701","19701,",Bear,New Castle County,newark_de,,,ChIJm_dRQe8Gx4kRYMYz_NME2O8,http://www.eltapatiodelaware.com/,39.6318164,-75.6545991,mexican_restaurant
DE2a16ee5e43,,,core,Pike Creek,,"4700 Limestone Rd, Wilmington, DE 19808","19808,",Pike Creek,New Castle County,hockessin_greenville,,,ChIJ0Qu5Sh8Ax4kR1ykTIk9AEx4,https://www.regencycenters.com/property/detail/155/Pike-Creek,39.740771599999995,-75.69220659999999,shopping_mall
DE2a1d5297ba,,,core,Blue Mezcal Restaurant,,"826 Kohl Ave, Middletown, DE 19709","19709,",Middletown,New Castle County,middletown_de,,,ChIJq2K8XQChx4kRghq6CIQcjhM,https://bluemezcalgroup.com/blue-mezcal-restaurant,39.4414863,-75.7407379,restaurant
DE2a689e0278,,,core,The Green Room Bar & Lounge,,"1055 N Market St, Wilmington, DE 19801","19801,",Trolley Square,New Castle County,wilmington,,,ChIJGRjwBwD9xokRYDMZm8NJKoY,https://www.hoteldupont.com/,39.746508299999995,-75.5479397,bar
DE2ac901dfe1,,,core,Fish On,,"17300 N Village Main Blvd, Lewes, DE 19958","19958,",Second Street,Sussex County,lewes,,,ChIJ56Lpfc-5uIkRHx1l2IcNo9w,https://fishonlewes.com/?utm_source=google&utm_medium=organic&utm_campaign=gbp,38.752950999999996,-75.1697983,seafood_restaurant
DE2acaf76f98,,,core,Yokai Ramen Bistro,,"4015 Concord Pike, Wilmington, DE 19803","19803,",Centreville,New Castle County,hockessin_greenville,,,ChIJE6f7m677xokROROIdhFE7B4,https://www.yokairamenbistrodelaware.com/,39.8088017,-75.5487086,ramen_restaurant
DE2b51bc8900,,,core,Tropicalia Restaurant,,"1701 W 4th St, Wilmington, DE 19805","19805,",Elsmere,New Castle County,new_castle_de,,,ChIJ24qIlnT9xokRvpE5TW3lyv4,https://tropicaliarestaurantde.com/,39.747968,-75.56947269999999,restaurant
DE2b6cbe5eab,,,core,Halftime Sports and Music,,"618 Plaza Dr, Newark, DE 19702","19702,",Newark,New Castle County,newark_de,,,ChIJacF1qk2ox4kR5vpV5jYz4O0,http://halftimemusicvenue.com/,39.6275076,-75.7462956,bar
DE2bba91a9bb,,,core,Jessop's Tavern & Colonial Restaurant,,"114 Delaware St, New Castle, DE 19720","19720,",Bear,New Castle County,newark_de,,,ChIJsyu3TnADx4kRo3B3FMp97Oo,http://www.jessops-tavern.com/,39.658826399999995,-75.56333699999999,american_restaurant
DE2bc29db188,,,core,Pockets Billiards & Tavern,,"315 S Dupont Hwy, New Castle, DE 19720","19720,",Christiana,New Castle County,newark_de,,,ChIJr4xUB6oGx4kRFhs5Gb7Fqlo,,39.6501783,-75.620918,bar
DE2bff9e7b12,,,core,Upscale Crab & Seafood,,"17580 Coastal Hwy, Lewes, DE 19958","19958,",Second Street,Sussex County,lewes,,,ChIJDwBU6Ta3uIkRHiD_Hyn71rM,https://www.upscaleseafood.com/,38.7489057,-75.17118239999999,restaurant
DE2c4cd90f28,,,core,Bodhi Kitchen,,"10 N 1st St, Rehoboth Beach, DE 19971","19971,",Midway,Sussex County,rehoboth_beach,,,ChIJabRWaM23uIkRO1J8odIHnyo,https://www.bodhirb.com/,38.7169738,-75.0789162,asian_fusion_restaurant
DE2d33dbf145,,,core,Pizza by Elizabeths,,"3801 Kennett Pike, Wilmington, DE 19807","19807,",Greenville,New Castle County,hockessin_greenville,,,ChIJM8F_Pzb8xokRjdzOjOMZIZs,http://www.pizzabyelizabeths.com/,39.7772222,-75.5955556,pizza_restaurant
DE2d548ed490,,,core,Miller's Ale House,,"1323 Churchmans Rd, Newark, DE 19713","19713,",Newark,New Castle County,newark_de,,,ChIJB-80uwIBx4kRR9uJXRUURuo,https://millersalehouse.com/locations/christiana/?utm_source=gmb&utm_medium=organic,39.6913123,-75.66454329999999,restaurant
DE2ed7da5114,,,core,Go Brit!,,"18388 Coastal Hwy, Lewes, DE 19958","19958,",Nassau,Sussex County,lewes,,,ChIJf8J3vXi3uIkR7mW96AUpBE4,https://gobrit.com/?utm_source=google,38.7399329,-75.14699399999999,british_restaurant
DE2f237dd17d,,,core,AUNT BERTA'S KITCHEN,,"198 N Dupont Hwy, New Castle, DE 19720","19720,",New Castle,New Castle County,new_castle_de,,,ChIJyQqz5IsDx4kRoK3cTuU-PkE,https://auntbertaskitchen.com/auntbertasnc?utm_source=google,39.6778382,-75.59186969999999,soul_food_restaurant
DE2f37546fd9,,,core,Grill at Odessa National Golf Club,,"1131 Fieldsboro Rd, Townsend, DE 19734","19734,",Middletown,New Castle County,middletown_de,,,ChIJF0CE0koLx4kRtkt1qQRetqE,http://www.odessanationalgolfclub.com/,39.4157139,-75.64076589999999,bar_and_grill
DE2fadbe3447,,,core,Santa Fe Mexican Grill - Wilmington,,"2000 Pennsylvania Ave, Wilmington, DE 19806","19806,",Trolley Square,New Castle County,wilmington,,,ChIJnfmjsUD9xokRDdye5M7D-0s,https://www.santafemexicangrill.com/,39.756206399999996,-75.5689712,mexican_restaurant
DE3019b2a8ad,,,core,Raising Cane's Chicken Fingers,,"127 Grove Ln, Newark, DE 19711","19711,",Newark,New Castle County,newark_de,,,ChIJyTk1U92rx4kRbbticckHIYk,https://locations.raisingcanes.com/de/newark/127-grove-lane,39.6799864,-75.7354163,fast_food_restaurant
DE30f766fa24,,,core,Isla Brasa,,"224 W Market St, Newport, DE 19804","19804,",Newport,New Castle County,new_castle_de,,,ChIJnRoCyG4Dx4kRSQcEt_3x8fQ,,39.713102299999996,-75.6129661,restaurant
DE312ead51c4,,,core,Sazio,,"32 Lake Ave, Rehoboth Beach, DE 19971","19971,",Midway,Sussex County,rehoboth_beach,,,ChIJr0ACAE23uIkRuVcH4LFDZ6I,http://www.saziorehoboth.com/,38.7166484,-75.084514,restaurant
DE31ca3208fa,,,core,First State Brewing Company,,"19266 Coastal Hwy Unit 1, Rehoboth Beach, DE 19971","19971,",Rehoboth Beach,Sussex County,rehoboth_beach,,,ChIJj4-jvKK3uIkR9PuBcvO3hSk,https://www.firststatebrewing.com/,38.7241873,-75.12497499999999,restaurant
DE3230f9654b,,,core,Kiwi’s Kove,,"101 N Boardwalk, Rehoboth Beach, DE 19971","19971,",Rehoboth Beach boardwalk,Sussex County,rehoboth_beach,,,ChIJaXfikbq3uIkRcxGLzPW967Y,http://kiwisrb.com/,38.718062599999996,-75.0766299,american_restaurant
DE326300caca,,,core,YUMHUB (Halal),,"2565 Pulaski Hwy, Newark, DE 19702","19702,",Glasgow,New Castle County,newark_de,,,ChIJfyNvBoKpx4kRdci0DzydV5Y,https://yumhubgo.com/,39.6042537,-75.7526736,halal_restaurant
DE3270355de7,,,core,The Dog House,,"1200 N Dupont Hwy, New Castle, DE 19720","19720,",New Castle,New Castle County,new_castle_de,,,ChIJowVc_KwDx4kRRuz26bysovo,https://www.thedoghouserestaurantde.com/,39.6883852,-75.5824349,hot_dog_restaurant
DE33f2fdc5bf,,,core,Suite 4 Eleven,,"411 S Walnut St, Wilmington, DE 19801","19801,",Trolley Square,New Castle County,wilmington,,,ChIJy0vfd079xokRhvF2ioP_cv8,http://suite4eleven.com/,39.7319943,-75.55373469999999,bar
DE343138044e,,,core,The Station on Kings,,"720 Kings Hwy, Lewes, DE 19958","19958,",Second Street,Sussex County,lewes,,,ChIJ8UmQ71y3uIkRbEcctdmqiqs,http://thestationlewes.com/,38.7652658,-75.1439467,restaurant
DE34a2200ca1,,,core,Applebee's Grill + Bar,,"36501 Seaside Outlet Dr, Rehoboth Beach, DE 19971","19971,",Rehoboth Beach,Sussex County,rehoboth_beach,,,ChIJKf6ddLS3uIkRoY-CgPMGPrU,https://restaurants.applebees.com/en-us/de/rehoboth-beach/36501-seaside-outlet-dr-80057?utm_source=google&utm_medium=organic&utm_campaign=google_my_business&utm_term=80057&utm_content=website,38.719224,-75.11473819999999,restaurant
DE34b28ca506,,,core,Atexquita - Mexican Grill & Bar,,"136 S Main St Ste 106, Newark, DE 19711","19711,",Main Street,New Castle County,newark_de,,,ChIJ2-JAy1mrx4kRsm2At-FUqf4,http://atexquitanewark.square.site/,39.6793492,-75.7605421,mexican_restaurant
DE34ebec1190,,,core,Grain H2O,,"3006 Summit Harbour Pl, Bear, DE 19701","19701,",Bear,New Castle County,newark_de,,,ChIJdUUVNywIx4kRb8mmTCy5bd8,https://meetatgrain.com/grain-h2o-pan,39.5481714,-75.70577999999999,gastropub
DE35c46628ec,,,core,Dead Presidents Pub & Restaurant,,"618 N Union St, Wilmington, DE 19805","19805,",Trolley Square,New Castle County,wilmington,,,ChIJqb0-4Qr9xokRzTz2g6gHgL0,http://deadpresidentspub.com/,39.75115600000001,-75.571381,restaurant
DE36a3f18e6d,,,core,Claws Seafood House - Rehoboth Beach,,"167 Rehoboth Ave, Rehoboth Beach, DE 19971","19971,",Rehoboth Beach boardwalk,Sussex County,rehoboth_beach,,,ChIJz93PQWm2uIkRNLnaPK_QL44,https://www.clawsseafoodhouse.com/,38.716432999999995,-75.081419,seafood_restaurant
DE36b27edf66,,,core,Daily Veg - Pike Creek,,"5335B Limestone Rd, Wilmington, DE 19808","19808,",Pike Creek,New Castle County,hockessin_greenville,,,ChIJ-7iIXeL_xokRKw3ht2X9KVM,https://dailyveg.com/?utm_source=google,39.747023999999996,-75.698741,vegan_restaurant
DE36bb94ba61,,,core,Nectar Cafe & Juice Bar,,"111 Neils Alley, Lewes, DE 19958","19958,",Second Street,Sussex County,lewes,,,ChIJxQ1VN0y3uIkRdZCm9H_zppQ,http://www.cafenectar.com/,38.775329,-75.139178,restaurant
DE36cab6a281,,,core,Joy Luck,,"570 Peoples Plaza, Newark, DE 19702","19702,",Glasgow,New Castle County,newark_de,,,ChIJ69942W6ox4kR-A1OBDUUwbY,https://joylucknewark.kwickmenu.com/,39.601398599999996,-75.7449486,chinese_restaurant
DE37c766e78c,,,core,PrimoHoagies,,"3501 Philadelphia Pike Ste 1, Claymont, DE 19703","19703,",Claymont,New Castle County,new_castle_de,,,ChIJ94IkR3PkxokRJXot-OX2SvQ,https://www.primohoagies.com/location/Claymont-DE,39.8020427,-75.45878239999999,sandwich_shop
DE39ada07cb7,,,core,Surf Bagel Lewes,,"17382 Coastal Hwy, Lewes, DE 19958","19958,",Lewes,Sussex County,lewes,,,ChIJj4Kz_8m5uIkRZCwa-C5TIVc,https://www.surfbagel.com/,38.7483024,-75.1779632,restaurant
DE3afdb57c08,,,core,Zogg's Raw Bar & Grill,,"1 Wilmington Ave, Rehoboth Beach, DE 19971","19971,",Rehoboth Beach,Sussex County,rehoboth_beach,,,ChIJQbS-jm62uIkRHGC02Vo__dU,https://www.zoggsbar.com/,38.715862900000005,-75.07637729999999,restaurant
DE3b23cb5840,,,core,Founding Brothers Restaurant + Pub,,"168 E Main St, Newark, DE 19711","19711,",Main Street,New Castle County,newark_de,,,ChIJ0eCUNACrx4kRjTDuTOVbBnM,https://www.foundingbrothersde.com/,39.683823,-75.74631169999999,american_restaurant
DE3c347fecab,,,core,Lestardo's Crab House,,"135 Christiana Rd #7, New Castle, DE 19720","19720,",Bear,New Castle County,newark_de,,,ChIJ20yzzfwDx4kRfMV-Lnk4J6A,https://m.facebook.com/LestardosCrabHouse,39.664260999999996,-75.616992,seafood_restaurant
DE3c67f8614a,,,core,Redfire Grill & Steakhouse,,"400 Lantana Dr, Hockessin, DE 19707","19707,",Hockessin,New Castle County,hockessin_greenville,,,ChIJ0eNgYIj_xokRsuCHT3PgOl0,https://www.redfiregrill.net/,39.776199999999996,-75.71103570000001,steak_house
DE3cc37647f2,,,core,Arena's Pub,,"18756 Coastal Hwy, Rehoboth Beach, DE 19971","19971,",Rehoboth Beach,Sussex County,rehoboth_beach,,,ChIJ4zdGb723uIkRdl5-JzWXvgY,https://www.arenasdeliandbar.com/,38.733379899999996,-75.13748149999999,restaurant
DE3d7ad5e0df,,,core,Red Robin Gourmet Burgers and Brews,,"2496 Pulaski Hwy, Newark, DE 19702","19702,",Glasgow,New Castle County,newark_de,,,ChIJKakLUG-ox4kRKmTChzj0la0,https://www.redrobin.com/locations/de/newark/glasgow-656,39.6040472,-75.74911259999999,restaurant
DE3d7b1b6cca,,,core,Opa! Opa! Limestone Road,,"5335b Limestone Rd, Wilmington, DE 19808","19808,",Pike Creek,New Castle County,hockessin_greenville,,,ChIJByLpzBT_xokRXxLbIGQcPNQ,https://order.toasttab.com/online/opa-opa-pike-creek-new-5335b-limestone-road,39.747023999999996,-75.698741,greek_restaurant
DE3de7b0e42b,,,core,The Mercury Cafe and Teahouse,,"206 Delaware St, New Castle, DE 19720","19720,",Bear,New Castle County,newark_de,,,ChIJg7xHVWwDx4kRNGRQFrqQUxQ,http://themercurynewcastle.com/,39.6593353,-75.5638503,cocktail_bar
DE3e2d371f29,,,core,The Greene Turtle Sports Bar & Grille,,"211 S Main St, Newark, DE 19711","19711,",Main Street,New Castle County,newark_de,,,ChIJwaO9hdSrx4kRyYGmZp2F7EQ,https://thegreeneturtle.com/location/newark-de/,39.6773076,-75.7620623,bar_and_grill
DE3e7f8ef651,,,core,La Parrillada | Mexican Grill,,"188, Penn Mart Shopping Center, New Castle, DE 19720","19720,",New Castle,New Castle County,new_castle_de,,,ChIJ6bXi-y8Dx4kRjl5WZjICAsw,http://laparrilladamexicangrill.com/,39.6783,-75.5912144,mexican_restaurant
DE3e9e2545b5,,,core,LongHorn Steakhouse,,"4157 Concord Pike, Wilmington, DE 19803","19803,",Centreville,New Castle County,hockessin_greenville,,,ChIJ4STXCY_7xokR3bJqRciGn_A,https://www.longhornsteakhouse.com/locations/de/wilmington/wilmington-de/5619?cmpid=br:lh_ag:ie_ch:loc_ca:LHGMB_sn:gmb_gt:wilmington-de-5619_pl:locurl_rd:1535,39.8125512,-75.5489516,steak_house
DE3ff1558be4,,,core,C.R. Hummingbird to Mars,,"1616 Delaware Ave, Wilmington, DE 19806","19806,",Trolley Square,New Castle County,wilmington,,,ChIJzdMnIBD9xokR7Ygkahvnd-I,https://catherinerooneys.com/hummingbird-to-mars,39.7576561,-75.56233569999999,bar
DE4014bbdc61,,,core,Applebee's Grill + Bar,,"630 Suburban Dr, Newark, DE 19711","19711,",Main Street,New Castle County,newark_de,,,ChIJRyq8U2Spx4kRl84BlT0TVaE,https://restaurants.applebees.com/en-us/de/newark/630-suburban-drive-96025?utm_source=google&utm_medium=organic&utm_campaign=google_my_business&utm_term=96025&utm_content=website,39.6669682,-75.775305,restaurant
DE40aae10689,,,core,MadMacs,,"801 S College Ave, Newark, DE 19713","19713,",Main Street,New Castle County,newark_de,,,ChIJGT-nj5mpx4kRyCFe3F3V2eU,https://mad4macs.com/?utm_source=google,39.655530899999995,-75.750829,american_restaurant
DE40d80a890d,,,core,Spare Rib Xpress,,"3031 New Castle Ave, New Castle, DE 19720","19720,",Bear,New Castle County,newark_de,,,ChIJF1PyJuoCx4kRmpL7mpeE1xs,http://www.bowlerama.us/spare-rib,39.702318,-75.55304199999999,bar_and_grill
DE41f82a3cee,,,core,Mazzellas Italian Restaurant,,"729 Philadelphia Pike, Wilmington, DE 19809","19809,",Little Italy,New Castle County,wilmington,,,ChIJC-noWRfjxokR4rWh5Ejx3I0,https://mazzellas.net/,39.7714721,-75.4994166,italian_restaurant
DE4231219a6b,,,core,Trattoria di Napoli Restaurant,,"1222 Pulaski Hwy, Bear, DE 19701","19701,",Bear,New Castle County,newark_de,,,ChIJm8_Ia-MGx4kRieGUvJTXGnM,https://www.trattoriadinapolirestaurant.com/?utm_source=gbp,39.628582,-75.6675796,italian_restaurant
DE4264e33ba0,,,core,Goobers Diner,,"1203 N Lincoln St, Wilmington, DE 19806","19806,",Trolley Square,New Castle County,wilmington,,,ChIJyQ-hmrL9xokRCrulei0kC40,http://goobersdiner-de.com/,39.756131599999996,-75.5671199,diner
DE431d353a79,,,core,SKRATCH Bar & Kitchen,,"1709 Delaware Ave, Wilmington, DE 19806","19806,",Trolley Square,New Castle County,wilmington,,,ChIJtTl2DAD9xokRQXvA4yMCtOQ,http://www.skratch1709.com/,39.758471,-75.5627176,restaurant
DE435482c93e,,,core,First Watch,,"74 Geoffrey Dr, Newark, DE 19713","19713,",Christiana,New Castle County,newark_de,,,ChIJKRFIt8cBx4kRS73x9sTp9yY,https://www.firstwatch.com/locations/christiana/?utm_source=gbp-listing&utm_medium=organic&utm_campaign=gbp-listing&utm_content=christiana,39.687632699999995,-75.6523367,breakfast_restaurant
DE436dbf06dc,,,core,TajMahal Indian Restaurant,,"2314 Carpenter Station Rd, Wilmington, DE 19810","19810,",Claymont,New Castle County,new_castle_de,,,ChIJy3tqCETkxokRCSxCH28N5xw,https://tajmahalindianrestaurantde.com/,39.8178427,-75.4658169,indian_restaurant
DE438f72e644,,,core,Rehoboth Ale House Downtown,,"15 Wilmington Ave, Rehoboth Beach, DE 19971","19971,",Rehoboth Beach,Sussex County,rehoboth_beach,,,ChIJAUG0kW62uIkRJmi5WMkcwp8,http://www.rehobothalehouse.com/,38.7157057,-75.0776044,bar
DE43d573a89a,,,core,Route 40 Diner,,"1705 Pulaski Hwy, Bear, DE 19701","19701,",Bear,New Castle County,newark_de,,,ChIJE2GW_ZsHx4kRXyXc7KySsZ0,https://route40diner.com/,39.618600799999996,-75.6963595,diner
DE442c7a50ce,,,core,302 Food Plug,,"1110 Newport Gap Pike, Wilmington, DE 19804","19804,",Newport,New Castle County,new_castle_de,,,ChIJPXKYfyIBx4kRvnInAs34ae0,https://302foodplug.com/?utm_source=google,39.7258636,-75.6194754,restaurant
DE4431965cb9,,,core,Agave Mexican Restaurant,,"19178 Coastal Hwy, Rehoboth Beach, DE 19971","19971,",Rehoboth Beach boardwalk,Sussex County,rehoboth_beach,,,ChIJdRgmaYa3uIkR69gbzn8bnWU,https://www.agaverestaurants.com/mexican-restaurant-rehoboth,38.7257664,-75.1272193,mexican_restaurant
DE44a2b28e78,,,core,Thrasher's French Fries,,"26 Rehoboth Ave, Rehoboth Beach, DE 19971","19971,",Rehoboth Beach boardwalk,Sussex County,rehoboth_beach,,,ChIJR5EIx262uIkR4QHHDxV9UFs,http://www.thrashersrehoboth.com/,38.7163086,-75.0769887,fast_food_restaurant
DE456d53a509,,,core,Bánh Mì Boy - Vietnamese Sandwiches,,"209 E Main St, Newark, DE 19711","19711,",Main Street,New Castle County,newark_de,,,ChIJFbtgrzuqx4kRMIooD4jHQ5g,,39.6835224,-75.7450758,vietnamese_restaurant
DE45cf6b522a,,,core,Bar de l’aiguille,,"N 5th St, Odessa, DE 19720","19720,",Odessa,New Castle County,middletown_de,,,ChIJFWtw2LMLx4kR9kaiB_9p9s0,,39.4571324,-75.6599267,bar
DE46077fe3f7,,,core,Amore Pizza & Restaurant,,"1590 Red Lion Rd, Bear, DE 19701","19701,",Bear,New Castle County,newark_de,,,ChIJL02nk88Hx4kRMOSNND7qWI8,https://www.amorepizza.com/,39.592346899999995,-75.67811789999999,pizza_restaurant
DE46b3f30d66,,,core,Starboard Claw,,"1818 Coastal Hwy, Dewey Beach, DE 19971","19971,",Dewey Beach,Sussex County,dewey_beach,,,ChIJodwCVNK3uIkR50q5RwbkQcI,https://starboardclawdewey.com/,38.694358,-75.0747803,seafood_restaurant
DE47239b6382,,,core,Rooted AF. (At Chancery Market),,"1313 N Market St, Wilmington, DE 19801","19801,",Market Street,New Castle County,wilmington,,,ChIJWdj3hyv9xokR8OAdGMzbutI,https://www.thechancerymarket.com/rooted-af-vegan-restaurant-in-wilmington-near-me/,39.748898,-75.5460602,vegan_restaurant
DE47735a65a3,,,core,Liquid Alchemy Beverages,,"28 Brookside Dr, Wilmington, DE 19804","19804,",Trolley Square,New Castle County,wilmington,,,ChIJUYDQy3gCx4kRL464YY1nXfE,https://www.liquidalchemybeverage.com/,39.7291896,-75.5807588,winery
DE4777125f51,,,core,Los Machados Mexican Restaurant,,"600 N Broad St, Middletown, DE 19709","19709,",Middletown,New Castle County,middletown_de,,,ChIJR9N5_nmgx4kRRwwmksOZpGc,http://www.losmachadosde.com/,39.454357,-75.7197201,mexican_restaurant
DE47816a35e9,,,core,Luna’s Pizzeria & Italian Grill,,"830 Kohl Ave, Middletown, DE 19709","19709,",Middletown,New Castle County,middletown_de,,,ChIJR3L51dOhx4kRRMwv9y9rzdk,https://lunaspizzeriaanditaliangrill.com/,39.441471,-75.7413177,italian_restaurant
DE4798b4126a,,,core,Lefty's Alley & Eats,,"281 Grove Ln, Newark, DE 19711","19711,",Newark,New Castle County,newark_de,,,ChIJ8aAUAgCrx4kRzwsqOaukf50,https://iloveleftys.com/newark/,39.6796929,-75.7340375,restaurant
DE480fdf42b5,,,core,Nalu Dewey Beach,,"1308 Coastal Hwy, Dewey Beach, DE 19971","19971,",Dewey Beach,Sussex County,dewey_beach,,,ChIJC8WDDda5uIkRKMujfDLcFHU,http://www.nalusurfbar.com/,38.6897205,-75.0742326,bar_and_grill
DE483b21d16f,,,core,Metro Diner,,"4601 Ogletown Stanton Rd, Newark, DE 19713","19713,",Newark,New Castle County,newark_de,,,ChIJcyXtWOgAx4kRIgU9N2GQsaU,https://metrodiner.com/locations/delaware/newark/?utm_source=gmb-listing-map&utm_medium=organic&utm_campaign=google-my-business,39.685170299999996,-75.68092190000002,diner
DE4862444dfc,,,core,The Reef Seafood & Steak,,"2618 Carpenter Station Rd, Wilmington, DE 19810","19810,",Claymont,New Castle County,new_castle_de,,,ChIJqetKdUTkxokRiH0DmGmEWLk,http://www.thereefde.com/,39.821901,-75.464323,seafood_restaurant
DE4895ccda75,,,core,Argilla Brewing Co. @ Pietro's Pizza,,"2667 Kirkwood Hwy, Newark, DE 19711","19711,",Main Street,New Castle County,newark_de,,,ChIJ2Rk-NVkAx4kRXpCqsLsQL78,http://www.argillabrewing.com/,39.708136499999995,-75.68418659999999,pizza_restaurant
DE493f7928d5,,,core,Bar Reverie,,"4017 Kennett Pike, Greenville, DE 19807","19807,",Greenville,New Castle County,hockessin_greenville,,,ChIJ11rRyL39xokRSw8pqWQ6ZYU,http://www.barreverie.com/,39.780352099999995,-75.5988141,restaurant
DE49a677ef45,,,core,Cajun Kates,,"722 Philadelphia Pike, Wilmington, DE 19809","19809,",Claymont,New Castle County,new_castle_de,,,ChIJbbt94RnjxokRakerAr2Q7tE,http://www.cajunkates.com/,39.770639599999996,-75.4996896,restaurant
DE49d0a52dae,,,core,1776 Steakhouse,,"18585 Coastal Hwy #6, Rehoboth Beach, DE 19971","19971,",Rehoboth Beach,Sussex County,rehoboth_beach,,,ChIJrUfQn523uIkRK7SZfIxQILY,https://1776steakhouse.com/,38.7377903,-75.1418237,steak_house
DE49f731fc7f,,,core,Rum punch restaurant,,"2916 N Market St, Wilmington, DE 19802","19802,",Market Street,New Castle County,wilmington,,,ChIJbRFzdBn9xokRgxzBoyqy_L8,,39.755764899999996,-75.532397,restaurant
DE49f9a80762,,,core,Applebee's Grill + Bar,,"4301 Kirkwood Hwy, Wilmington, DE 19808","19808,",Pike Creek,New Castle County,hockessin_greenville,,,ChIJ9dIYp8QBx4kRa8AOHO-x3Hk,https://restaurants.applebees.com/en-us/de/wilmington/4301-kirkwood-highway-76020?utm_source=google&utm_medium=organic&utm_campaign=google_my_business&utm_term=76020&utm_content=website,39.7285324,-75.6500982,restaurant
DE4a18a25bb8,,,core,Cafe Azafran,,"18 Baltimore Ave, Rehoboth Beach, DE 19971","19971,",Rehoboth Avenue,Sussex County,rehoboth_beach,,,ChIJ7TG-1m62uIkR5rFFLSPA14w,http://www.cafeazafran.com/,38.717144,-75.0780182,mediterranean_restaurant
DE4a8b9858ae,,,core,Chiwa Bistro,,"Christiana Mall, 132 Christiana Mall, Newark, DE 19702","19702,",Christiana,New Castle County,newark_de,,,ChIJ-zRYT8UBx4kRvsAoYGKgcUw,https://chiwabistro.com/,39.6794493,-75.6516322,asian_restaurant
DE4b33244ae6,,,core,Skipjack Dining,,"401 Louviers Dr, Newark, DE 19711","19711,",Main Street,New Castle County,newark_de,,,ChIJCQS-4_Wqx4kRD48GWUdfE2o,http://skipjacknewark.com/,39.7115693,-75.742846,seafood_restaurant
DE4b92352eaa,,,core,PureBread Deli - Pike Creek,,"4801 Limestone Rd, Marshallton, DE 19808","19808,",Pike Creek,New Castle County,hockessin_greenville,,,ChIJ_Q-mqx8Ax4kR4y8b_yscqF8,http://www.purebreaddeli.com/,39.742835,-75.692314,sandwich_shop
DE4bfeada154,,,core,TGI Fridays,,"128 N Dupont Hwy, New Castle, DE 19720","19720,",Christiana,New Castle County,newark_de,,,ChIJT8IjHusDx4kRtOYSRTH7pTk,https://locations.tgifridays.com/de/new-castle/128-n-dupont-hwy.html,39.669989,-75.5991453,restaurant
DE4c7752fa33,,,core,"El Diablo Burritos, Pike Creek",,"5329A Limestone Rd, Wilmington, DE 19808","19808,",Pike Creek,New Castle County,hockessin_greenville,,,ChIJbw-poOP_xokRVwRsUqhO5A8,http://www.eldiabloburritos.com/,39.747009999999996,-75.69871400000001,southwestern_us_restaurant
DE4d2354723b,,,core,Bellefonte Cafe,,"804 Brandywine Blvd, Wilmington, DE 19809","19809,",Claymont,New Castle County,new_castle_de,,,ChIJ_QVLNRnjxokRNs_dX8jk75I,http://www.thebellefontecafe.com/,39.7659875,-75.50017299999999,american_restaurant
DE4d46608ee4,,,core,Half Full,,"125 2nd St, Lewes, DE 19958","19958,",Second Street,Sussex County,lewes,,,ChIJ91mHrU23uIkRwi5jFfvjtMc,http://halffulllewes.com/,38.7753893,-75.1395246,pizza_restaurant
DE4d64309ed1,,,core,Currito Newark Delaware,,"511 Grove Ln, Newark, DE 19711","19711,",Main Street,New Castle County,newark_de,,,ChIJWzfwXACrx4kR49Iln6OsVfo,https://www.currito.com/,39.681524599999996,-75.7341031,restaurant
DE4d999a095d,,,core,El Toro Mexican Grill & Cantina,,"1934 W 6th St #3008, Wilmington, DE 19805","19805,",Greenville,New Castle County,hockessin_greenville,,,ChIJzQVjVmb9xokRmRdSEK6A1I0,,39.7505277,-75.571873,mexican_restaurant
DE4db2ced5a0,,,core,Barcelona Pizza Pike Creek,,"4706 Limestone Rd, Wilmington, DE 19808","19808,",Pike Creek,New Castle County,hockessin_greenville,,,ChIJD4jaX6EBx4kRNbjcjVA2NGM,http://barcelonapizzausa.com/,39.7394367,-75.6926017,pizza_restaurant
DE4dcb2aa127,,,core,Casa Kahlo Mexican Cantina & Grill,,"481 Stanton Christiana Rd, Newark, DE 19713","19713,",Christiana,New Castle County,newark_de,,,ChIJNw-ZEsMBx4kR74g_5gkhUe4,https://casakahlomexicangrillandbar.com/,39.694123399999995,-75.6540199,mexican_restaurant
DE4e9d004e9f,,,core,The Federal Rehoboth,,"62A Rehoboth Ave, Rehoboth Beach, DE 19971","19971,",Rehoboth Avenue,Sussex County,rehoboth_beach,,,ChIJ7QYgFTS3uIkRCzAjShrKpWs,https://www.thefederalrehoboth.com/,38.716163699999996,-75.0782498,restaurant
DE4eada955ae,,,core,Aunt Vonda's Kitchen Table,,"2 Chesmar Plaza, Newark, DE 19713","19713,",Newark,New Castle County,newark_de,,,ChIJn0IjLSABx4kR6JFzHFvl8D4,https://www.auntvondaskitchentable.com/,39.661933999999995,-75.7266477,soul_food_restaurant
DE4eecd7172c,,,core,Applebee's Grill + Bar,,"105 Wilton Blvd, New Castle, DE 19720","19720,",Christiana,New Castle County,newark_de,,,ChIJXzpNQaoGx4kReptb3jf6kog,https://restaurants.applebees.com/en-us/de/new-castle/105-wilton-blvd.-96085?utm_source=google&utm_medium=organic&utm_campaign=google_my_business&utm_term=96085&utm_content=website,39.65154,-75.6224909,restaurant
DE4ef1b646e3,,,core,Moro Bistro,,"2000 Pennsylvania Ave, Wilmington, DE 19806","19806,",Market Street,New Castle County,wilmington,,,ChIJx85-afL9xokRrSr-bCEf8io,http://morobistro.com/,39.756206399999996,-75.5689712,restaurant
DE4fce7bbcb8,,,core,El Amanecer,,"625 Delaware St, New Castle, DE 19720","19720,",New Castle,New Castle County,new_castle_de,,,ChIJT9evCwYDx4kRlWfVAH7tyF0,,39.663064299999995,-75.5677679,mexican_restaurant
DE4fe0692015,,,core,Striper Bites,,"107 Savannah Rd, Lewes, DE 19958","19958,",Second Street,Sussex County,lewes,,,ChIJ3QSybEy3uIkRHbEi0-gg3aQ,http://www.striperbites.com/,38.7749279,-75.1381973,seafood_restaurant
DE4fec1a346b,,,core,Route 3 Diner,,"1300 Veale Rd, Wilmington, DE 19810","19810,",Claymont,New Castle County,new_castle_de,,,ChIJg8XY01_jxokReyFh-b0U1TU,https://route3diners.com/,39.799623,-75.504857,diner
DE5069b33022,,,core,Corner Bistro,,"3604 Silverside Rd, Wilmington, DE 19810","19810,",Centreville,New Castle County,hockessin_greenville,,,ChIJA3S1EF_7xokR8KoBVnT0HXA,http://www.mybistro.com/,39.8084699,-75.5478448,bistro
DE50cbf4d804,,,core,RARE Steak and Seafood,,"17252 N Village Main Blvd, Lewes, DE 19958","19958,",Second Street,Sussex County,lewes,,,ChIJWxFM31-5uIkRnKnOoRignVg,https://raredining.com/,38.752318599999995,-75.1671494,restaurant
DE5125865949,,,core,Goolee's Grille,,"11 S 1st St, Rehoboth Beach, DE 19971","19971,",Rehoboth Avenue,Sussex County,rehoboth_beach,,,ChIJU2nWU2m2uIkRy8B4W7S8Rbc,http://gooleesgrille.com/,38.7156143,-75.078949,breakfast_restaurant
DE513c1b0071,,,core,The Well Coffeehouse and Marketplace,,"6949 Lancaster Pike, Hockessin, DE 19707","19707,",Hockessin,New Castle County,hockessin_greenville,,,ChIJR-JMyqj_xokRqzgDOxr0gIQ,http://www.thewellde.com/,39.778230799999996,-75.6771352,restaurant
DE517098f5dd,,,core,Turning Point of Christiana,,"3204 Fashion Center Blvd, Newark, DE 19702","19702,",Christiana,New Castle County,newark_de,,,ChIJ_7IlgkkBx4kR4II583LTCfs,https://turningpointrestaurants.com/,39.6721765,-75.65074589999999,brunch_restaurant
DE51b796a0df,,,core,Toscana To-Go,,"1410 N Dupont St, Wilmington, DE 19806","19806,",Trolley Square,New Castle County,wilmington,,,ChIJq9soypv9xokRWEtL3PHXrPc,https://www.piccolinatoscana.com/catering?y_source=1_MjA2Mzg5NzMtNzE1LWxvY2F0aW9uLndlYnNpdGU%3D,39.7566177,-75.5627176,restaurant
DE520bfab56d,,,core,Crooked Hammock Brewery,,"316 Auto Park Dr, Middletown, DE 19709","19709,",Glasgow,New Castle County,newark_de,,,ChIJ7Z5Bt4yhx4kRrrCQN0LQtJk,https://www.crookedhammockbrewery.com/locations/middletown,39.443765899999995,-75.7327651,brewery
DE52b4feabfb,,,core,The Marshallton Steakhouse,,"3517 Old Capitol Trl, Wilmington, DE 19808","19808,",Elsmere,New Castle County,new_castle_de,,,ChIJOykrCpUBx4kRgPGbLtCzFQk,https://themarshallton.com/,39.7308269,-75.63205719999999,restaurant
DE52c61670ed,,,core,Shellhammer's Bar and Grill,,"9 University Dr, Newark, DE 19702","19702,",Newark,New Castle County,newark_de,,,ChIJfRNpfNYAx4kRnYnaJ8shYt8,http://www.shellhammers.com/,39.6666838,-75.6706738,bar_and_grill
DE530d9959bb,,,core,Ramen Kumamoto,,"165 E Main St, Newark, DE 19711","19711,",Main Street,New Castle County,newark_de,,,ChIJtUJU_zqqx4kRNcHU-lt9LZk,http://www.ramenkumamoto.com/,39.6831676,-75.74618869999999,ramen_restaurant
DE53d60d0bf7,,,core,Smittys pub,,"1836 Capitol Tr, Newark, DE 19711","19711,",Main Street,New Castle County,newark_de,,,ChIJ893G82MBx4kRQZs9BcPKl-0,,39.7002607,-75.7000832,bar
DE541259d0c0,,,core,BBQ Unlimited,,"108 E Main St, Newark, DE 19711","19711,",Main Street,New Castle County,newark_de,,,ChIJx-fCWwCrx4kRaYpGtTdp35k,https://bbqunlimited.net/,39.6837996,-75.74902589999999,barbecue_restaurant
DE543161bd4e,,,core,Hsiang Asian Bistro & Karaoke,,"253 S Main St, Newark, DE 19711","19711,",Main Street,New Castle County,newark_de,,,ChIJPehhGKerx4kRJvtsS3iK99g,http://hsiang-karaoke.com/,39.6765356,-75.76236039999999,karaoke
DE5442a28583,,,core,Capers & Lemons,,"301 Little Falls Dr, Wilmington, DE 19808","19808,",Little Italy,New Castle County,wilmington,,,ChIJgw7AVnT-xokRN2xXVGcoPo8,https://www.capersandlemons.com/,39.759344399999996,-75.6247228,italian_restaurant
DE545a6a05bc,,,core,El Ázteca,,"20672 Coastal Hwy, Rehoboth Beach, DE 19971","19971,",Rehoboth Beach boardwalk,Sussex County,rehoboth_beach,,,ChIJq9BzLzy2uIkRQtwO6SOVG8w,https://bluemezcalgroup.com/,38.705619999999996,-75.08805559999999,mexican_restaurant
DE54723c4a48,,,core,Roots Natural Kitchen,,"129 E Main St, Newark, DE 19711","19711,",Main Street,New Castle County,newark_de,,,ChIJ7y_ziDqqx4kR7BTyroX5j-Q,http://www.rootsnaturalkitchen.com/,39.6832735,-75.7479807,restaurant
DE54f699099f,,,core,Ted's Montana Grill,,"3194 Fashion Center Blvd, Newark, DE 19702","19702,",Christiana,New Castle County,newark_de,,,ChIJO5UB0TsBx4kRxFqJhfxYkGs,https://www.tedsmontanagrill.com/tmg067.html,39.6713722,-75.6516317,american_restaurant
DE5536c89d66,,,core,Lewes Bake Shoppe & Notting Hill Coffee Roastery,,"124 2nd St, Lewes, DE 19958","19958,",Second Street,Sussex County,lewes,,,ChIJxXE2N0y3uIkRxnLql_E1JOA,https://nottinghillcoffee.com/,38.7751708,-75.1396479,coffee_shop
DE55b35b901d,,,core,Uncle Johns BBQ Stand,,"2509 Philadelphia Pike, Claymont, DE 19703","19703,",Claymont,New Castle County,new_castle_de,,,ChIJSWnQtiHjxokRCuUmHQxG9dE,https://www.facebook.com/unclejohnsbbqstand/,39.7927325,-75.4701042,barbecue_restaurant
DE55d370b349,,,core,Cork & Barrel,,"4809 Limestone Rd, Wilmington, DE 19808","19808,",Little Italy,New Castle County,wilmington,,,ChIJVfB6MKkBx4kRoKqt_Y4kPsc,https://www.facebook.com/corkandbarrelpikecreek,39.7429656,-75.69249719999999,bar
DE55f1064d23,,,core,Crab House,,"19598 Coastal Hwy, Rehoboth Beach, DE 19971","19971,",Rehoboth Beach,Sussex County,rehoboth_beach,,,ChIJ0VuR_La3uIkR95ENA4xxtD0,http://www.crabhouserehoboth.com/,38.7187553,-75.1159886,restaurant
DE5609038103,,,core,The Border Cafe,,"483 Stanton Christiana Rd, Newark, DE 19713","19713,",Newark,New Castle County,newark_de,,,ChIJd6W-jguqx4kRVkEC08wVe-E,http://www.bordercafe.com/,39.6946089,-75.6533195,mexican_restaurant
DE573a1b69cf,,,core,River Rock Kitchen,,"818 Shipyard Dr, Wilmington, DE 19801","19801,",Riverfront,New Castle County,wilmington,,,ChIJsSNaw3z9xokRQtuFB-zymtI,https://www.riverrockkitchen.com/?utm_source=google&utm_medium=organic&utm_campaign=gbp_listing,39.730543999999995,-75.563468,restaurant
DE57440cd085,,,core,Texas Roadhouse,,"250 Buckley Blvd, Bear, DE 19701","19701,",Christiana,New Castle County,newark_de,,,ChIJOcjWA-oGx4kR36VjlfgG__Y,https://www.texasroadhouse.com/locations/delaware/bear?utm_source=listing&utm_medium=search,39.6381575,-75.64942959999999,steak_house
DE57c304421b,,,core,LongHorn Steakhouse,,"1299 Quintilio Dr, Bear, DE 19701","19701,",Christiana,New Castle County,newark_de,,,ChIJt3BV0_oGx4kR8rF0f7Du71I,https://www.longhornsteakhouse.com/locations/de/bear/bear/5243?cmpid=br:lh_ag:ie_ch:loc_ca:LHGMB_sn:gmb_gt:bear-de-5243_pl:locurl_rd:1195,39.629252,-75.668448,steak_house
DE5880d5e0ed,,,core,Stewart's Brewing Company,,"219 Governors Pl, Bear, DE 19701","19701,",Christiana,New Castle County,newark_de,,,ChIJwch7cuMGx4kRPaUev9visb0,http://stewartsbrewingcompany.com/,39.6350531,-75.66135129999999,brewpub
DE58cdaf233b,,,core,First Watch,,"34571 Postal Ln, Lewes, DE 19958","19958,",Second Street,Sussex County,lewes,,,ChIJ0dN1Y6q3uIkRV7oknvkwazs,https://www.firstwatch.com/locations/lewes/?utm_source=gbp-listing&utm_medium=organic&utm_campaign=gbp-listing&utm_content=lewes,38.7379727,-75.14417449999999,breakfast_restaurant
DE593c0f676d,,,core,Irish Eyes | Pub & Restaurant,,"213 Anglers Rd, Lewes, DE 19958","19958,",Second Street,Sussex County,lewes,,,ChIJnehj6ky3uIkRrxA9U_OwS2g,http://www.irisheyespub.com/,38.7784139,-75.1398111,bar
DE5940fb9c3a,,,core,Pizza Di Napoli,,"5350 Summit Bridge Rd, Middletown, DE 19709","19709,",Townsend,New Castle County,middletown_de,,,ChIJt3qr4KcKx4kR5g5wXMRMQ5I,http://www.mydinapoli.net/,39.4339321,-75.7125922,pizza_restaurant
DE594400c799,,,core,Dewey Beach Country Club,,"1705 Coastal Hwy, Dewey Beach, DE 19971","19971,",Dewey Beach,Sussex County,dewey_beach,,,ChIJV-_yaXa3uIkRfQtdwZ-J3e8,https://www.facebook.com/Dewey-Beach-Country-Club-251006922104350/,38.6932687,-75.0751311,sports_bar
DE5950711aa3,,,core,Grotto Pizza,,"17467 Shady Rd, Lewes, DE 19958","19958,",Savannah Road,Sussex County,lewes,,,ChIJrbQAF3i3uIkR-liowrsPWcE,http://www.grottopizza.com/,38.748035699999996,-75.1650619,pizza_restaurant
DE595acb736f,,,core,Vicky's Famous Fried Fish,,"413 E Main St, Middletown, DE 19709","19709,",Townsend,New Castle County,middletown_de,,,ChIJBXvjC24Lx4kRoIXVLBuiHMw,http://vickysfamousfriedfish.com/,39.4514888,-75.7011986,restaurant
DE59a2c9856d,,,core,Heirloom,,"212 Savannah Rd, Lewes, DE 19958","19958,",Second Street,Sussex County,lewes,,,ChIJ1-07L0y3uIkRdis5Q0xJjRU,http://www.heirloomdelaware.com/,38.7744719,-75.1392863,american_restaurant
DE59e01f9d43,,,core,honeygrow,,"305 Middletown Warwick Rd, Middletown, DE 19709","19709,",Middletown,New Castle County,middletown_de,,,ChIJP-9C6GGhx4kRVWCq1HAI1Ew,https://www.honeygrow.com/?utm_source=gmb&utm_medium=Yext&y_source=1_MjA0MzQ0NTM2MC03MTUtbG9jYXRpb24ud2Vic2l0ZQ%3D%3D,39.4558296,-75.7248722,restaurant
DE5a155528fd,,,core,La Fia Bistro,,"421 N Market St, Wilmington, DE 19801","19801,",Trolley Square,New Castle County,wilmington,,,ChIJR4nl4Wn9xokRSCoqkU-eJg4,http://lafiawilmington.com/,39.741126699999995,-75.5510097,bistro
DE5a47cee105,,,core,Semra's Mediterranean Grill,,"19 Rehoboth Ave, Rehoboth Beach, DE 19971","19971,",Rehoboth Beach boardwalk,Sussex County,rehoboth_beach,,,ChIJ2ZPa5W62uIkRAx2kymOLiG8,http://www.semras.com/,38.716869599999995,-75.0768543,restaurant
DE5acd65976e,,,core,The Blue Hen,,"33 Wilmington Ave, Rehoboth Beach, DE 19971","19971,",Rehoboth Avenue,Sussex County,rehoboth_beach,,,ChIJ8TgcUGm2uIkRREw9QgLoG5g,https://www.thebluehenrehoboth.com/,38.7156722,-75.0793722,american_restaurant
DE5b44fe056f,,,core,Fiesta Tapatía,,"431 E Main St, Middletown, DE 19709","19709,",Middletown,New Castle County,middletown_de,,,ChIJabJoQpAKx4kRqf4xKzw-XMI,http://fiestatapatiadelaware.com/,39.4511342,-75.7006893,mexican_restaurant
DE5ba69126a9,,,core,Best Food In Town,,"707 Pulaski Hwy #101, Bear, DE 19701","19701,",Bear,New Castle County,newark_de,,,ChIJi0FGDroGx4kRj-WNCXkkq1M,,39.646270799999996,-75.636963,chinese_restaurant
DE5c11729e76,,,core,The Sycamore Wine Bar,,"208 Delaware St ste. c, New Castle, DE 19720","19720,",Trolley Square,New Castle County,wilmington,,,ChIJuYHmlbgDx4kRYJZI8icmf6M,https://www.thesycamorewinebar.com/,39.659451399999995,-75.5639001,wine_bar
DE5c56c865ff,,,core,Oishii Sushi & Ramen,,"129 E Main St, Newark, DE 19711","19711,",Main Street,New Castle County,newark_de,,,ChIJ39GEcO6rx4kRUQZENK-GSPE,http://www.oishiisushiramen.com/,39.6832364,-75.7480057,japanese_restaurant
DE5ce8e47633,,,core,Lemon Tree Restaurant,,"416 E Savannah Rd, Lewes, DE 19958","19958,",Second Street,Sussex County,lewes,,,ChIJHS9Haku3uIkRQCnUmphO-no,,38.778619,-75.13524799999999,american_restaurant
DE5d68ef6097,,,core,Crooked Hammock Brewery,,"36707 Crooked Hammock Way, Lewes, DE 19958","19958,",Second Street,Sussex County,lewes,,,ChIJj9EDOHy3uIkRYxcVf1KS1F0,https://www.crookedhammockbrewery.com/locations/lewes,38.7462707,-75.1509622,brewery
DE5e51a9ef19,,,core,Milltown Tavern,,"1313 McKennans Church Rd, Wilmington, DE 19808","19808,",Pike Creek,New Castle County,hockessin_greenville,,,ChIJ_Szgp88Bx4kRTJT3lMAs89Q,https://www.facebook.com/Milltown-Tavern-104727844944587/,39.732496999999995,-75.6664243,bar
DE5e8202ff7c,,,core,Conch Island Key West Bar and Grill,,"37169 Rehoboth Ave Ext Unit 6, Rehoboth Beach, DE 19971","19971,",Rehoboth Beach,Sussex County,rehoboth_beach,,,ChIJ5VWmSee3uIkRLuuI5gvAD5I,http://www.conchislandbar.com/,38.7133622,-75.0994851,bar
DE5eb8fafea3,,,core,Guilday's,,"2725 Pulaski Hwy, Newark, DE 19702","19702,",Glasgow,New Castle County,newark_de,,,ChIJkRiaiWKox4kRQlcT6vIpBCY,,39.6036733,-75.7594392,breakfast_restaurant
DE5f1b611f6f,,,core,Big Oyster Brewery,,"1007 Kings Hwy, Lewes, DE 19958","19958,",Second Street,Sussex County,lewes,,,ChIJAf4Bb7u3uIkRwHNA0Hufoy4,https://www.bigoysterbrewery.com/,38.7601156,-75.1450365,brewpub
DE5f775205dc,,,core,Red Square Caviar Bar,,"162 Rehoboth Ave, Rehoboth Beach, DE 19971","19971,",Rehoboth Avenue,Sussex County,rehoboth_beach,,,ChIJa3l6emm2uIkR2yv6RMVKjJg,http://redsquarecaviar.com/,38.715878599999996,-75.0812092,russian_restaurant
DE5fc5791354,,,core,Rusty Rudder,,"113 Dickinson Ave, Dewey Beach, DE 19971","19971,",Dewey Beach,Sussex County,dewey_beach,,,ChIJGargax22uIkRoXGFvFERf8Y,http://www.rustyrudder.com/,38.690079,-75.076145,restaurant
DE5fced5d1f7,,,core,Crabby Dick's Restaurant,,"18831 Coastal Hwy, Rehoboth Beach, DE 19971","19971,",Rehoboth Beach,Sussex County,rehoboth_beach,,,ChIJPY-Yr563uIkRJCCy7W1ShZY,http://www.crabby-dicks.com/,38.7330713,-75.1347906,seafood_restaurant
DE5fd83f4a9b,,,core,Gus & Gus Place,,"15 S Boardwalk, Rehoboth Beach, DE 19971","19971,",Rehoboth Beach boardwalk,Sussex County,rehoboth_beach,,,ChIJI6nTSmy2uIkRqNFxeNGHnvY,https://www.facebook.com/profile.php?id=100057097554458,38.7158821,-75.076179,hamburger_restaurant
DE606f3bb4d8,,,core,McGlynns Pub - Greenville,,"320 Buckley Ml Rd, Wilmington, DE 19807","19807,",Trolley Square,New Castle County,wilmington,,,ChIJq4Mzu8b9xokRa9vF8MPGpXQ,https://www.mcglynnspub.com/,39.7591155,-75.6026706,pub
DE608516193f,,,core,Columbus Inn,,"2216 Pennsylvania Ave, Wilmington, DE 19806","19806,",Trolley Square,New Castle County,wilmington,,,ChIJNyQG-gj9xokR8whGpbYcbzM,http://www.columbusinn.net/,39.7576318,-75.5711996,restaurant
DE61306cf5da,,,core,Harbour Restaurant at Canal Square,,"134 W Market St, Lewes, DE 19958","19958,",Second Street,Sussex County,lewes,,,ChIJX3CMY_K3uIkR3Jutr8j4tso,http://harbourlewes.com/,38.776506999999995,-75.139551,restaurant
DE6192c1db22,,,core,Cafe Mezzanotte,,"230 W 11th St, Wilmington, DE 19801","19801,",Market Street,New Castle County,wilmington,,,ChIJSWd94979xokRX0GuQNAiWbA,http://www.cafemezzanotte.net/,39.7471543,-75.5493753,italian_restaurant
DE62768fdc87,,,core,Jimena's Cocina Mexicana,,"807 W Newport Pike, Wilmington, DE 19804","19804,",Newport,New Castle County,new_castle_de,,,ChIJNcxzAZMDx4kRBLAmaGRKskI,,39.7143362,-75.61813889999999,restaurant
DE628bad7587,,,core,Merengue House | Bar & Restaurant,,"837 N Union St, Wilmington, DE 19805","19805,",Trolley Square,New Castle County,wilmington,,,ChIJeYCvEdH9xokRU26NaLN8iR8,https://merenguehouse.toast.site/,39.753541600000005,-75.57038949999999,restaurant
DE62a5b3c678,,,core,El Maya Mexican Grill,,"1300 Centerville Rd, Wilmington, DE 19808","19808,",Centreville,New Castle County,hockessin_greenville,,,ChIJoxkAof8Bx4kRRNgRHdmQJXg,https://www.elmayamexicangrillde.com/,39.733646199999995,-75.6224,mexican_restaurant
DE62bd063617,,,core,GameChangers,,"1430 Pulaski Hwy, Newark, DE 19702","19702,",Newark,New Castle County,newark_de,,,ChIJ3Y-qJggHx4kRF2ijICZKr3s,,39.622304799999995,-75.68080479999999,bar_and_grill
DE632e1e3095,,,core,The Nomad Bar,,"905 Orange St, Wilmington, DE 19801","19801,",Trolley Square,New Castle County,wilmington,,,ChIJ98tNPkD9xokRepYlnqC5w6A,http://www.nomadwilmington.com/,39.7454981,-75.5495876,bar
DE648966c4bc,,,core,Aha South Indian Cuisine,,"1247 Quintilio Dr, Bear, DE 19701","19701,",Bear,New Castle County,newark_de,,,ChIJPWSv2cwHx4kRSbuNHP1SLfY,https://ahasouthindian.com/?utm_source=google,39.6306753,-75.6674013,south_indian_restaurant
DE64d9ae87da,,,core,bb.q Chicken South Main St Plaza,,"165 S Main St Unit 117, Newark, DE 19711","19711,",Main Street,New Castle County,newark_de,,,ChIJFwZ-9f2rx4kRCyKa1CBHhrU,https://bbqchicken.com/,39.678671099999995,-75.7607673,restaurant
DE653f2bc1d1,,,core,Dolly Spanker's,,"30 Clinton St, Delaware City, DE 19706","19706,",New Castle,New Castle County,new_castle_de,,,ChIJ04XUEK8Fx4kRygMRrJt2gdk,http://www.dollyspankers.com/,39.579558,-75.58794,restaurant
DE65495b38bb,,,core,Chili's Grill & Bar,,"501 Merrimac Ave, Middletown, DE 19709","19709,",Middletown,New Castle County,middletown_de,,,ChIJI6TwTHihx4kRPTO20hwZqB0,https://www.chilis.com/locations?utm_source=google&utm_medium=local&utm_campaign=Chilis,39.4427634,-75.739387,restaurant
DE656e17c55f,,,core,Okura Japanese Restaurant,,"703 Ace Memorial Dr, Hockessin, DE 19707","19707,",Hockessin,New Castle County,hockessin_greenville,,,ChIJa51FiX3_xokR5mzcDt2pju8,http://www.okurahockessin.com/,39.7935355,-75.7091042,japanese_restaurant
DE6592b87fe3,,,core,American Eatery,,"921 Middletown Warwick Rd, Middletown, DE 19709","19709,",Townsend,New Castle County,middletown_de,,,ChIJ5Tl00TGgx4kRPXhgWltTPO0,,39.4383676,-75.7524579,american_restaurant
DE659c3976e6,,,core,Moda's Chops,,"245 Becks Woods Dr, Bear, DE 19701","19701,",Bear,New Castle County,newark_de,,,ChIJ4bp2VRIHx4kRUxz7JsobVJo,,39.621196,-75.711827,restaurant
DE65dfca998f,,,core,Wilma's,,"900 N Market St, Wilmington, DE 19801","19801,",Trolley Square,New Castle County,wilmington,,,ChIJnbuzV0D9xokRrjNM0LPtdwA,http://www.goodtimewilmas.com/,39.7447033,-75.54810429999999,restaurant
DE660223aab8,,,core,Capriotti's Sandwich Shop,,"250 E Main St #241, Newark, DE 19711","19711,",Main Street,New Castle County,newark_de,,,ChIJdRppejmqx4kRFDewUg8fPdI,https://capriottis.com/location/390890,39.6852818,-75.743391,sandwich_shop
DE6628d31979,,,core,Mals Famous Seafood & Grill,,"1224 Beaverbrook Plaza, New Castle, DE 19720","19720,",New Castle,New Castle County,new_castle_de,,,ChIJFYIQJg8Dx4kRkaufjkdrc48,https://malsfamousseafoodgrill.com/,39.6620397,-75.5668166,restaurant
DE664cfddbc0,,,core,Buffalo Wild Wings,,"1887 Pulaski Hwy, Bear, DE 19701","19701,",Glasgow,New Castle County,newark_de,,,ChIJz2b1-YsHx4kRDIWQpaTbycY,https://www.buffalowildwings.com/locations/us/de/bear/1887-pulaski-highway/sports-bar-438?utm_source=google-my-business&utm_medium=organic&utm_campaign=website-link&y_source=1_MjAxNjYxMTc2OS03MTUtbG9jYXRpb24ud2Vic2l0ZQ%3D%3D,39.6105825,-75.7074351,chicken_wings_restaurant
DE66545fc045,,,core,Milan's Real Philly Cheesesteaks and Hoagies,,"813 Governors Pl, Bear, DE 19701","19701,",Bear,New Castle County,newark_de,,,ChIJHQcOrHYHx4kRvKwuJ6xGiX8,https://milansrealphilly.com/?utm_source=google,39.6330768,-75.6654394,american_restaurant
DE66bc2e8790,,,core,Rehoboth Ale House On The Mile,,"20859 Coastal Hwy, Rehoboth Beach, DE 19971","19971,",Rehoboth Beach,Sussex County,rehoboth_beach,,,ChIJg2bIpdO3uIkRRaayaNbII94,http://www.rehobothalehouse.com/,38.702892299999995,-75.0824966,restaurant
DE66e62e19e0,,,core,Trolley Square Oyster House,,"1707 Delaware Ave, Wilmington, DE 19806","19806,",Trolley Square,New Castle County,wilmington,,,ChIJWUo5_g_9xokR-pzzXV1esd0,http://trolleysquareoysterhouse.com/,39.7584626,-75.56272899999999,seafood_restaurant
DE66f95ec8d8,,,core,Sushi Xtreme,,"4708 Limestone Rd, Wilmington, DE 19808","19808,",Pike Creek,New Castle County,hockessin_greenville,,,ChIJMwredh8Ax4kRTgkfYmhsBEw,https://www.sushixtreme.net/,39.739416,-75.69254099999999,sushi_restaurant
DE671a6f490b,,,core,Seven Tap-Tavern at Ron Jaworski's Back Creek,,"101 Back Creek Dr, Middletown, DE 19709","19709,",Middletown,New Castle County,middletown_de,,,ChIJuxU5-9egx4kRMZPWzJzMYkI,https://www.backcreekgc.com/seven-tap-tavern,39.5008811,-75.7603302,restaurant
DE67606688b2,,,core,Piccolina Toscana,,"1412 N Dupont St, Wilmington, DE 19806","19806,",Trolley Square,New Castle County,wilmington,,,ChIJM8qF2g_9xokRI0gZQoGEddw,https://www.piccolinatoscana.com/,39.7566108,-75.5627342,italian_restaurant
DE6779bbc094,,,core,The Greene Turtle Sports Bar & Grille,,"425 Stanton Christiana Rd, Newark, DE 19713","19713,",Newark,New Castle County,newark_de,,,ChIJIXyc7g8Bx4kRxhd_M9si6SE,https://thegreeneturtle.com/location/christiana/,39.6904551,-75.654648,sports_bar
DE678975569b,,,core,Surf Bagel Christiana,,"1103 Churchmans Rd, Newark, DE 19713","19713,",Christiana,New Castle County,newark_de,,,ChIJqyGvN0cBx4kRLLb_c1_W1uE,https://surfbagel.com/,39.6897482,-75.6591064,breakfast_restaurant
DE67e9d8cbb9,,,core,Augustine Tavern,,"1919 St Augustine Rd, Middletown, DE 19709","19709,",Delaware City,New Castle County,new_castle_de,,,ChIJb2l0TosOx4kRbB5-cfwm9no,http://www.augustinetavern.com/,39.5077511,-75.5794538,restaurant
DE67ffbd5190,,,core,Applebee's Grill + Bar,,"2480 Pulaski Hwy, Newark, DE 19702","19702,",Newark,New Castle County,newark_de,,,ChIJPw51UG-ox4kRzLL61S0s6Mc,https://restaurants.applebees.com/en-us/de/newark/2480-pulaski-hwy.-97071?utm_source=google&utm_medium=organic&utm_campaign=google_my_business&utm_term=97071&utm_content=website,39.603983,-75.7482782,restaurant
DE680d0159c7,,,core,Café Sitaly,,"1710 Naamans Rd, Wilmington, DE 19810","19810,",Little Italy,New Castle County,wilmington,,,ChIJN_gwhfPkxokRWxriKVJf-E4,http://www.cafesitaly.com/,39.822412899999996,-75.4881511,italian_restaurant
DE682bb59f87,,,core,The Cultured Pearl Restaurant & Sushi Bar,,"301 Rehoboth Ave, Rehoboth Beach, DE 19971","19971,",Rehoboth Avenue,Sussex County,rehoboth_beach,,,ChIJxSiIjEG2uIkR2frJQsOCMXs,https://www.culturedpearl.us/,38.715932699999996,-75.0860852,sushi_restaurant
DE68a0dcd20d,,,core,Burgers by Wildwich,,"2616 Philadelphia Pike D, Claymont, DE 19703","19703,",Claymont,New Castle County,new_castle_de,,,ChIJF9Q__BT9xokRosoMR5FmB0g,http://www.wildwich.com/,39.7935777,-75.46790610000001,hamburger_restaurant
DE6952415f5a,,,core,St Georges Country Store,,"1 Delaware St, St Georges, DE 19733","19733,",Delaware City,New Castle County,new_castle_de,,,ChIJZ_JDgOwIx4kRZKHPU6gabvg,http://www.saintgeorgescountrystore.com/,39.555075200000005,-75.65022069999999,restaurant
DE69541e4b65,,,core,The Legend Restaurant&Bakery,,"201 N Dupont Hwy, New Castle, DE 19720","19720,",Bear,New Castle County,newark_de,,,ChIJH1qqYMwDx4kRasjONhRG-AQ,http://thelegendnc.com/,39.6800244,-75.5917073,american_restaurant
DE69e7933088,,,core,Violet Pub,,"22 Marrows Rd, Newark, DE 19713","19713,",Main Street,New Castle County,newark_de,,,ChIJVcYROvepx4kRHYbbEw60jWA,http://www.violetpub.com/,39.6639299,-75.7272529,bar
DE6a3907b981,,,core,Nanu's Hot Chicken,,"230 E Main St Ste 612, Newark, DE 19711","19711,",Main Street,New Castle County,newark_de,,,ChIJX399KYSrx4kR-blN0XHToFg,https://linktr.ee/Nanusnewark,39.6849308,-75.7443193,fast_food_restaurant
DE6b3c7b368d,,,core,Curry & Cocktails,,"ACME Shopping Center, 422 E Main St, Middletown, DE 19709","19709,",Middletown,New Castle County,middletown_de,,,ChIJ0aQnTRULx4kRB5jegNU3mCg,https://curryandcocktails.com/,39.4486795,-75.6992551,indian_restaurant
DE6b95a7f8a9,,,core,Summer House,,"228 Rehoboth Ave, Rehoboth Beach, DE 19971","19971,",Rehoboth Avenue,Sussex County,rehoboth_beach,,,ChIJ1dEni2m2uIkRf1r9YRYdQUc,http://summerhouserehoboth.com/,38.7155187,-75.0834263,american_restaurant
DE6c394052b1,,,core,Kiku Japanese Steakhouse & Sushi Bar,,"417 S Ridge Ave, Middletown, DE 19709","19709,",Middletown,New Castle County,middletown_de,,,ChIJLUh9DGugx4kR8cXnK-Pk1us,http://kikujapanesesteakhouseandsushi.com/,39.44816790000001,-75.7328454,japanese_restaurant
DE6c5ba2ece7,,,core,MISSION BBQ,,"3662 Concord Pike, Wilmington, DE 19803","19803,",Centreville,New Castle County,hockessin_greenville,,,ChIJ8YcFFrD9xokRghzNfqLSK5c,http://mission-bbq.com/,39.8049752,-75.5499433,barbecue_restaurant
DE6c9ee49b52,,,core,honeygrow,,"3200 Fashion Center Blvd, Christiana, DE 19702","19702,",Christiana,New Castle County,newark_de,,,ChIJTSZXgn8Bx4kRLWqk8DnfEZw,https://www.honeygrow.com/?utm_source=gmb&utm_medium=Yext&y_source=1_MTc5NjcwNzQtNzE1LWxvY2F0aW9uLndlYnNpdGU%3D,39.672272799999995,-75.6510198,restaurant
DE6ccacbde47,,,core,Red Robin Gourmet Burgers and Brews,,"140 Commerce Dr, Middletown, DE 19709","19709,",Middletown,New Castle County,middletown_de,,,ChIJTaIQE8mhx4kRlG7hzkEMH58,https://www.redrobin.com/locations/de/middletown/middletown-751,39.445851499999996,-75.74063869999999,restaurant
DE6d56d74548,,,core,Sammy's Kitchen,,"32A Wilmington Ave, Rehoboth Beach, DE 19971","19971,",Rehoboth Beach boardwalk,Sussex County,rehoboth_beach,,,ChIJlSO8l262uIkROhUP90YHeEQ,http://www.sammyskitchenrehoboth.com/,38.715201199999996,-75.0791376,breakfast_restaurant
DE6da252adc0,,,core,Kid Shelleen's - Branmar Plaza,,"1812 Marsh Rd Ste 15, Wilmington, DE 19810","19810,",Centreville,New Castle County,hockessin_greenville,,,ChIJfY4Fo37lxokRKYMcWoucCq0,https://www.harryshospitalitygroup.com/kid-shelleens/branmar-plaza/,39.8037144,-75.50412039999999,bar_and_grill
DE6e24b3e554,,,core,Mrs. Robino's Restaurant,,"520 N Union St, Wilmington, DE 19805","19805,",Trolley Square,New Castle County,wilmington,,,ChIJ7ZL3zgr9xokRd-UN_kEOwbM,https://mrsrobinos.com/,39.7504,-75.57195399999999,italian_restaurant
DE6e4daa729e,,,core,"Diego's Bar Nightclub, Rehoboth Avenue Extension, Rehoboth Beach, DE",,"37298 Rehoboth Ave Ext, Rehoboth Beach, DE 19971","19971,",Rehoboth Beach,Sussex County,rehoboth_beach,,,ChIJg20juA23uIkRJtLeYN7RQEo,http://www.diegosbarnightclub.com/,38.713597,-75.095298,night_club
DE6e82151914,,,core,KPOT Korean BBQ & Hot Pot,,"40 Geoffrey Dr, Newark, DE 19713","19713,",Christiana,New Castle County,newark_de,,,ChIJL5EKAC4Bx4kRSyZBAME9_MY,https://thekpot.com/location/newark-geoffrey/,39.6879594,-75.65392829999999,korean_barbecue_restaurant
DE6e8ef7393d,,,core,Buffalo Wild Wings,,"501 Stanton Christiana Rd, Newark, DE 19713","19713,",Christiana,New Castle County,newark_de,,,ChIJaUbk3wgBx4kRdKjYBsUUYnw,https://www.buffalowildwings.com/locations/us/de/newark/501-stanton-christiana-road/sports-bar-1525?utm_source=google-my-business&utm_medium=organic&utm_campaign=website-link&y_source=1_MjAxNjYxMTg5NC03MTUtbG9jYXRpb24ud2Vic2l0ZQ%3D%3D,39.6958084,-75.6531505,chicken_wings_restaurant
DE6ed6cc662e,,,core,Rose & Crown,,"142 2nd St #2a, Lewes, DE 19958","19958,",Second Street,Sussex County,lewes,,,ChIJ8VCZNky3uIkRPdCbXLzGhag,http://roseandcrownlewes.com/,38.7753715,-75.1402893,restaurant
DE6eed24727a,,,core,Jae Seafood by Shawn,,"403 Philadelphia Pike #1, Wilmington, DE 19809","19809,",Claymont,New Castle County,new_castle_de,,,ChIJXZNd2iPjxokRBUXVU1AGbuE,,39.767481,-75.508175,seafood_restaurant
DE6fdb0e7449,,,core,Jamaican Cafe Cuisine 1 -Bear,,"1643 Pulaski Hwy, Newark, DE 19702","19702,",Bear,New Castle County,newark_de,,,ChIJxaU0zJ4Hx4kRLp7LqrnVOaQ,https://jamaicancafecuisine.com/?utm_source=google,39.6203068,-75.69317339999999,restaurant
DE70bba346b2,,,core,Casa Mariachi,,"519 E Basin Rd, New Castle, DE 19720","19720,",New Castle,New Castle County,new_castle_de,,,ChIJA_yE0bwDx4kRFGxLhCXzk4A,,39.6736395,-75.5865956,restaurant
DE70fd1bf02f,,,core,EZME,,"625 N Market St, Wilmington, DE 19801","19801,",Market Street,New Castle County,wilmington,,,ChIJTdAJOoz9xokR-NJkBRBCaDc,https://www.ezmewilmington.com/,39.7425237,-75.5501008,mediterranean_restaurant
DE71f8e43636,,,core,Lewes Brewing Company,,"1145 Savannah Rd, Lewes, DE 19958","19958,",Second Street,Sussex County,lewes,,,ChIJN7VXfXO3uIkRc0NwVpcbXOY,https://www.lewesbrewing.com/,38.764029,-75.149806,brewery
DE723c7487ac,,,core,Somewhere,,"52 Baltimore Ave, Rehoboth Beach, DE 19971","19971,",Rehoboth Avenue,Sussex County,rehoboth_beach,,,ChIJscF7M_a3uIkRyu40VxZ0MWc,https://www.somewhereatthebeach.com/,38.7168317,-75.0811337,restaurant
DE725a461b5c,,,core,Buffalo Wild Wings,,"19930 Lighthouse Plaza, Rehoboth Beach, DE 19971","19971,",Rehoboth Beach boardwalk,Sussex County,rehoboth_beach,,,ChIJoUbBoLC3uIkRwF0W23sV5f4,https://www.buffalowildwings.com/locations/us/de/rehoboth-beach/19930-lighthouse-plaza-blvd/sports-bar-1047?utm_source=google-my-business&utm_medium=organic&utm_campaign=website-link&y_source=1_MjAxNjYxMTAzMi03MTUtbG9jYXRpb24ud2Vic2l0ZQ%3D%3D,38.721591599999996,-75.11942189999999,chicken_wings_restaurant
DE72875f2e95,,,core,Kungfu Hotpot BBQ,,"230 E Main St Unit 207, Newark, DE 19711","19711,",Main Street,New Castle County,newark_de,,,ChIJoTz87E-rx4kRfem6wdpSAvA,,39.6848862,-75.7433654,hot_pot_restaurant
DE72fb6e1636,,,core,322 BBQ & Tavern - Wilmington,,"1845 Marsh Rd, Wilmington, DE 19810","19810,",Centreville,New Castle County,hockessin_greenville,,,ChIJjS5bGH_lxokRaYR3B9hK7kA,https://www.322bbq.com/,39.8057006,-75.5009678,barbecue_restaurant
DE7315fa9f07,,,core,Buffalo Wild Wings,,"540 W Main St, Middletown, DE 19709","19709,",Middletown,New Castle County,middletown_de,,,ChIJY9Pf5Gygx4kRZKuljsnUmF8,https://www.buffalowildwings.com/locations/us/de/middletown/540-west-main-street/sports-bar-507?utm_source=google-my-business&utm_medium=organic&utm_campaign=website-link&y_source=1_MjAxNjYxMTcwMC03MTUtbG9jYXRpb24ud2Vic2l0ZQ%3D%3D,39.4471664,-75.7282493,chicken_wings_restaurant
DE743ded8fc4,,,core,Jam Bistro,,"305 Rehoboth Ave, Rehoboth Beach, DE 19971","19971,",Rehoboth Avenue,Sussex County,rehoboth_beach,,,ChIJJSIW0m62uIkRwvhTkn9i-Ng,https://jam-bistro.com/,38.715936,-75.08676899999999,restaurant
DE744cc205de,,,core,Delaware Seashore - South Inlet Big Chill Beach Club,,"39415 S Inlet Rd, Rehoboth Beach, DE 19971","19971,",Rehoboth Beach,Sussex County,rehoboth_beach,,,ChIJuwEZFKrOuIkROzTfYjZxWHc,https://www.bigchillbeachclub.com/,38.6058515,-75.0614932,bar_and_grill
DE748cfc6815,,,core,Robin Hood Restaurant,,"54 Rehoboth Ave, Rehoboth Beach, DE 19971","19971,",Rehoboth Avenue,Sussex County,rehoboth_beach,,,ChIJ-cMRyG62uIkRflEAKvcnBOo,https://www.robinhoodrehobothde.com/menu,38.716200199999996,-75.077958,breakfast_restaurant
DE748f1300a4,,,core,Coterie Cafe + Kitchen,,"1139 W 7th St, Wilmington, DE 19805","19805,",Little Italy,New Castle County,wilmington,,,ChIJjWBSBgD9xokRuwBTYUwm1Rk,http://coterieck.com/,39.747514699999996,-75.56124559999999,restaurant
DE749053386a,,,core,Timothy's Riverfront Grill,,"930 Justison St, Wilmington, DE 19801","19801,",Riverfront,New Castle County,wilmington,,,ChIJXSmc02L9xokRVitgC-zQ5uk,http://riverfrontde.mytimothysrestaurants.com/,39.729337,-75.561798,american_restaurant
DE75a8312c9f,,,core,CP's Pub South,,"879 N Broad St, Middletown, DE 19709","19709,",Middletown,New Castle County,middletown_de,,,ChIJR4cjC_Khx4kRjJXC039hddw,,39.4612103,-75.7185672,bar
DE75b7a9ca9f,,,core,honeygrow,,"58 E Main St, Newark, DE 19711","19711,",Main Street,New Castle County,newark_de,,,ChIJO1szUDCqx4kR_ZsezgqAMj0,https://www.honeygrow.com/?utm_source=gmb&utm_medium=Yext&y_source=1_MTc5NjcwNTgtNzE1LWxvY2F0aW9uLndlYnNpdGU%3D,39.683358299999995,-75.7512227,restaurant
DE75f083f6af,,,core,Bongou,,"626 Newark Sc, Newark, DE 19711","19711,",Main Street,New Castle County,newark_de,,,ChIJgYHcRQCrx4kRr--m950xMfU,https://www.bongousoulfood.com/,39.6852769,-75.7445737,restaurant
DE76263094ac,,,core,PureBread Deli - Greenville,,"4001 Kennett Pike, Wilmington, DE 19807","19807,",Greenville,New Castle County,hockessin_greenville,,,ChIJjTYvEDb8xokRfwFRDRiajho,http://www.purebreaddeli.com/,39.779399399999996,-75.5973631,sandwich_shop
DE7629273777,,,core,McGlynns Pub - Pike Creek,,"8 Polly Drummond Shopping Center, Newark, DE 19711","19711,",Main Street,New Castle County,newark_de,,,ChIJSXerB3cAx4kR_IFzyWCjTZg,https://www.mcglynnspub.com/,39.7188443,-75.7106625,pub
DE76e761265b,,,core,Townsend Deli,,"5988 Summit Bridge Rd Ste - 2, Townsend, DE 19734","19734,",Townsend,New Castle County,middletown_de,,,ChIJsSgqRLV1x4kR1ykLeD6Wk_Y,https://townsenddeli.com/,39.3984279,-75.6857617,sandwich_shop
DE7701db276e,,,core,Murph's Irish Pub,,"401 Philadelphia Pike, Wilmington, DE 19809","19809,",Market Street,New Castle County,wilmington,,,ChIJpdpRwyPjxokRC4zSSH8Ytfs,https://www.murphsirishpub.com/,39.767376399999996,-75.5083993,bar
DE771a16b6f6,,,core,Beatty's Safari Lounge,,"100 N Franklin St, Wilmington, DE 19805","19805,",Trolley Square,New Castle County,wilmington,,,ChIJpa63yLL9xokR1uiPB5bj_SI,,39.7433292,-75.5653782,bar
DE77b45d6812,,,core,Jimmy's,,"1911 Coastal Hwy, Dewey Beach, DE 19971","19971,",Dewey Beach,Sussex County,dewey_beach,,,ChIJh3qTeRu2uIkRRX2qv5LOZBk,https://jimmysdewey.com/,38.6947329,-75.0754164,bar_and_grill
DE7807124e34,,,core,Sciarrino's Pizza of Wilmington,,"2310 Carpenter Station Rd, Wilmington, DE 19810","19810,",Claymont,New Castle County,new_castle_de,,,ChIJgVaXiULkxokR3jl7Nl0J_R8,http://www.sciarrinospizza.net/,39.8177287,-75.4659843,pizza_restaurant
DE789b1f7402,,,core,Agave Mexican Restaurant,,"137 2nd St, Lewes, DE 19958","19958,",Second Street,Sussex County,lewes,,,ChIJZUXsNky3uIkR3CDn-gLs78E,https://www.agaverestaurants.com/mexican-restaurant-lewes,38.7755951,-75.1399899,mexican_restaurant
DE793bb4c8c3,,,core,Cavanaugh's Restaurant,,"703 N Market St, Wilmington, DE 19801","19801,",Market Street,New Castle County,wilmington,,,ChIJkR3M7kH9xokRQOA_p8t5upY,http://www.cavanaughswilmington.com/,39.742906,-75.549962,american_restaurant
DE793e7c3872,,,core,Wishit,,"16192 Coastal Hwy, Lewes, DE 19958","19958,",Savannah Road,Sussex County,lewes,,,ChIJvZVGGQC5uIkRXMTAlHup0Q4,,38.7586124,-75.2151361,bar
DE79741790f2,,,core,Wilmington Brew Works,,"3129 Miller Rd, Wilmington, DE 19802","19802,",Trolley Square,New Castle County,wilmington,,,ChIJVxarydf8xokR77f3yp4fzFg,https://wilmingtonbrewworks.com/,39.7663331,-75.5371437,brewery
DE79d5a5eb65,,,core,McLaren's Irish Pub,,"3211 Concord Pike, Wilmington, DE 19803","19803,",Trolley Square,New Castle County,wilmington,,,ChIJ13TgyaP8xokRygksho188Yc,https://m.facebook.com/pages/McLarens-Irish-Pub/100869789957789,39.800875399999995,-75.5476238,irish_pub
DE79dd48dd7f,,,core,Luigi's Cafe Pizza & Pasta,,"723 Ace Memorial Dr, Hockessin, DE 19707","19707,",Hockessin,New Castle County,hockessin_greenville,,,ChIJQxFvR3z_xokRNGmN93ORuHg,https://luigiscafe.net/,39.7939386,-75.7093828,italian_restaurant
DE7a60f24194,,,core,Capt Zeak's Crab House and Seafood,,"192 N Dupont Hwy, New Castle, DE 19720","19720,",New Castle,New Castle County,new_castle_de,,,ChIJC6_mTrkDx4kRDcBl-mXWo8I,https://captainzeaks.com/,39.677053,-75.592558,seafood_restaurant
DE7a64e05696,,,core,Cafe Valentina,,"1323 McKennans Church Rd, Wilmington, DE 19808","19808,",Little Italy,New Castle County,wilmington,,,ChIJe6IPo9IBx4kRruI0v7nWT9g,https://cafevalentina.com/,39.7321402,-75.6665237,italian_restaurant
DE7aeedc693a,,,core,Thompson Island Brewing Company,,"30133 Veterans Way, Rehoboth Beach, DE 19971","19971,",Rehoboth Beach,Sussex County,rehoboth_beach,,,ChIJZ3feM0a3uIkRWbBswcOwYUc,https://thompsonislandbrewing.com/,38.7129256,-75.1049111,brewpub
DE7b3a3b0b02,,,core,El Amigo Taquería,,"224 W Market St, Newport, DE 19804","19804,",Newport,New Castle County,new_castle_de,,,ChIJBTWqQyICx4kR44AidLaXGDQ,http://www.elamigomexicanfood.com/,39.713150399999996,-75.6129996,mexican_restaurant
DE7b5747f646,,,core,ROLL’N EGG,,"1201 Savannah Rd, Lewes, DE 19958","19958,",Savannah Road,Sussex County,lewes,,,ChIJryiIMtfHuIkR5tADjdZ5fJo,https://www.facebook.com/share/16MMRDHNgD/?mibextid=wwXIfr,38.7625636,-75.15235729999999,food
DE7c3e84d920,,,core,Firebirds Wood Fired Grill,,"1225 Churchmans Rd, Newark, DE 19713","19713,",Newark,New Castle County,newark_de,,,ChIJcYl-WhsBx4kRt0a46Kl0GXc,https://firebirdsrestaurants.com/wilmington,39.6905212,-75.6596592,american_restaurant
DE7cac275d7a,,,core,Mia Sushi Asian Bistro,,"1738 Pulaski Hwy, Bear, DE 19701","19701,",Bear,New Castle County,newark_de,,,ChIJD50N5DgHx4kRgdFkycCus_4,http://www.miasushi0930.com/,39.616375399999995,-75.6976478,asian_restaurant
DE7cd0551a1b,,,core,The Market at 59 Baltimore,,"59 Baltimore Ave, Rehoboth Beach, DE 19971","19971,",Rehoboth Avenue,Sussex County,rehoboth_beach,,,ChIJHb-XrBm3uIkRuVSu91DCjqA,https://www.themarket59.com/,38.7171071,-75.0819435,restaurant
DE7cd27c26ee,,,core,FINS Ale House & Raw Bar,,"19269 Coastal Hwy, Rehoboth Beach, DE 19971","19971,",Rehoboth Beach,Sussex County,rehoboth_beach,,,ChIJsYfLXbu3uIkRW-MMFza1-r4,https://www.finsrawbar.com/,38.7249222,-75.12422819999999,seafood_restaurant
DE7d83d9105a,,,core,On The Rocks Bar,,"776 S Old Baltimore Pike, Newark, DE 19702","19702,",Main Street,New Castle County,newark_de,,,ChIJNcHEjNypx4kR8CPGqzBEido,http://www.facebook.com/OTRBAR,39.6435043,-75.7233323,bar
DE7e12c54abb,,,core,Lupo Italian Kitchen,,"247 Rehoboth Ave, Rehoboth Beach, DE 19971","19971,",Rehoboth Avenue,Sussex County,rehoboth_beach,,,ChIJR4DO-Gm2uIkR89eSHJRiuP4,https://lupoitaliankitchen.com/?utm_source=google&utm_medium=organic&utm_campaign=gbp,38.7159617,-75.0850517,italian_restaurant
DE7e14480ee9,,,core,America’s Best Wings,,"721 N Broad St, Middletown, DE 19709","19709,",Middletown,New Castle County,middletown_de,,,ChIJo0QcH7ehx4kRlE-YpQWGz4c,http://www.abwmiddletown.com/,39.4591868,-75.71736410000001,chicken_wings_restaurant
DE7e3861f403,,,core,Coastal Taproom,,"18766 John J. Williams Hwy #2, Rehoboth Beach, DE 19971","19971,",Rehoboth Beach,Sussex County,rehoboth_beach,,,ChIJxeBxsFW3uIkR3EgTyTi8Msc,http://www.coastaltaproom.com/,38.7303662,-75.1359992,bar
DE7e8cef6800,,,core,The Gap Pub & Grill,,"1804 Newport Gap Pike, Wilmington, DE 19808","19808,",Pike Creek,New Castle County,hockessin_greenville,,,ChIJXboGCGYBx4kRCzMW6xT0RgM,,39.7336246,-75.6284919,bar
DE7e9d3f3068,,,core,Fratelli’s Italian Specialties,,"2394 Dupont Pkwy, Middletown, DE 19709","19709,",Middletown,New Castle County,middletown_de,,,ChIJA14CVecJx4kRAuy3dX73aFE,https://m.facebook.com/people/Fratellis/100088491725284/,39.5007322,-75.648844,italian_restaurant
DE7eb20bf7a8,,,core,Catherine Rooney's,,"1616 Delaware Ave, Wilmington, DE 19806","19806,",Trolley Square,New Castle County,wilmington,,,ChIJ2eMjGRD9xokRDNEFcNsUVTQ,https://catherinerooneys.com/,39.7576105,-75.56233379999999,irish_restaurant
DE7f4b33cdd9,,,core,Purple Parrot Grill Beach Haus & Biergarten,,"134 Rehoboth Ave, Rehoboth Beach, DE 19971","19971,",Rehoboth Beach,Sussex County,rehoboth_beach,,,ChIJJ_FCQmm2uIkR5MRE7EXVAcA,http://ppgrill.com/,38.7159092,-75.0801185,bar_and_grill
DE7f5a8108c0,,,core,Mc Laren's Irish Pub,,"1119 Churchmans Rd, Newark, DE 19713","19713,",Newark,New Castle County,newark_de,,,ChIJ_enIOhsBx4kRP1LSv13rlO4,,39.6899431,-75.65879009999999,irish_pub
DE7f6337f622,,,core,Apothecary Brewing Co.,,"2703 Philadelphia Pike Ste A, Claymont, DE 19703","19703,",Union Street,New Castle County,wilmington,,,ChIJOe9p7jrjxokRLHGAJXFndjg,https://www.apothecarybrewing.com/,39.7956913,-75.46837289999999,brewery
DE7fef51d322,,,core,Emmanuel's Restaurant,,"33711 Wescoats Rd, Lewes, DE 19958","19958,",Savannah Road,Sussex County,lewes,,,ChIJrftwBrq5uIkR8DDp0C9Lh_o,http://www.emmanuels.online/,38.7514678,-75.16203949999999,breakfast_restaurant
DE80dea6d966,,,core,Iron Hill Brewery & Restaurant - Wilmington,,"620 Justison St, Wilmington, DE 19801","19801,",Trolley Square,New Castle County,wilmington,,,ChIJ5XGunGT9xokRzknld6T0c4Y,https://ironhillbrewery.com/,39.733481499999996,-75.5604462,brewery
DE814bedb275,,,core,Nifty Fifty's (Newark),,"1365 Marrows Rd, Newark, DE 19711","19711,",Newark,New Castle County,newark_de,,,ChIJh20SgGerx4kRwGwEBaxPGr8,http://niftyfiftys.com/,39.68414,-75.73295759999999,restaurant
DE814c0602ca,,,core,Tandoori Hut,,"1401 N Dupont Hwy, New Castle, DE 19720","19720,",New Castle,New Castle County,new_castle_de,,,ChIJ68LkNBkDx4kR_Q-aenKnhzo,https://splendorous-banoffee-89c20d.netlify.app/,39.689539599999996,-75.5829555,restaurant
DE81580cd48f,,,core,Volunteer Brewing Company,,"116 W Main St, Middletown, DE 19709","19709,",Greenville,New Castle County,hockessin_greenville,,,ChIJly_CAHSgx4kRG2Csrm4Kkh0,http://www.volunteerbrewing.com/,39.4492645,-75.7194595,brewery
DE81960c2e6e,,,core,Tonic Seafood & Steak,,"111 W 11th St, Wilmington, DE 19801","19801,",Trolley Square,New Castle County,wilmington,,,ChIJWyvThT_9xokRf65T8nW3PtQ,http://tonicsns.com/?utm_source=extnet&utm_medium=yext&y_source=1_NTkyNzgxNjYtNzE1LWxvY2F0aW9uLndlYnNpdGU%3D,39.7473935,-75.5487835,steak_house
DE82cbc70570,,,core,The Mayne Dish,,"2202 Kirkwood Hwy, Wilmington, DE 19805","19805,",Elsmere,New Castle County,new_castle_de,,,ChIJt_XYwPn9xokRu7GDkKyBCls,http://www.themaynedish.com/,39.737988800000004,-75.6104494,restaurant
DE832e5754e7,,,core,Red Robin Gourmet Burgers and Brews,,"101 W Main St, Newark, DE 19702","19702,",Glasgow,New Castle County,newark_de,,,ChIJsUh5sCkBx4kRQc6MsGheQgA,https://www.redrobin.com/locations/de/newark/christiana-657,39.6680108,-75.666417,restaurant
DE835535c9d4,,,core,ICONZ Bar and Lounge,,"500 Greenhill Ave, Wilmington, DE 19805","19805,",Trolley Square,New Castle County,wilmington,,,ChIJh96wnqH9xokRVVo5jGhTuzI,,39.7528943,-75.5791036,bar
DE837a19ec46,,,core,Blue Crab Grill,,"322 Suburban Dr, Newark, DE 19711","19711,",Newark,New Castle County,newark_de,,,ChIJq4pYn2apx4kRsCJ63XlPwhQ,http://www.bluecrabgrillde.com/,39.6682741,-75.77783079999999,seafood_restaurant
DE83d45b779c,,,core,Honest Indian Restaurant,,"3100 Naamans Rd #1, Wilmington, DE 19810","19810,",Centreville,New Castle County,hockessin_greenville,,,ChIJ5e51Jir7xokRAi8sQIrMJy4,https://honestdelaware.com/?utm_source=google,39.829377,-75.5369043,indian_restaurant
DE844dda363d,,,core,Harry's Savoy Grill,,"2020 Naamans Rd, Wilmington, DE 19810","19810,",Centreville,New Castle County,hockessin_greenville,,,ChIJ6Uk8ZuzkxokRZISVa-VdJ-0,https://www.harryshospitalitygroup.com/harrys-savoy-grill/,39.8238258,-75.49694819999999,american_restaurant
DE84da41945d,,,core,Cheddar's Scratch Kitchen,,"1325 Churchmans Rd, Newark, DE 19713","19713,",Christiana,New Castle County,newark_de,,,ChIJSdhoyz4Bx4kRmXZ4kmZ4aio,https://www.cheddars.com/locations/de/newark/christiana-center-pointe-plaza/2217?cmpid=br:csk_ag:ie_ch:loc_ca:CSKGMB_sn:gmb_gt:newark-de-2217_pl:locurl_rd:1184,39.6918505,-75.66540169999999,american_restaurant
DE85169f40df,,,core,DARNELL'S CAS BAR,,"216 S Heald St, Wilmington, DE 19801","19801,",Riverfront,New Castle County,wilmington,,,ChIJ2WHIrx39xokRaakxjT-s4Nk,,39.73131600000001,-75.542211,bar
DE85a469c428,,,core,Brew HaHa!,,"3838 Kennett Pike, Wilmington, DE 19807","19807,",Greenville,New Castle County,hockessin_greenville,,,ChIJk_qHfEr8xokRclbs3DrSwoQ,http://www.brewhaha.com/,39.775199799999996,-75.5972373,coffee_shop
DE8635dc9578,,,core,Birdie's Links and Drinks,,"320 Auto Park Dr, Middletown, DE 19709","19709,",Middletown,New Castle County,middletown_de,,,ChIJB0fvL_ehx4kRUpixCcj_m6Q,http://www.birdieslinks.com/,39.443070999999996,-75.732216,restaurant
DE8656fe60e2,,,core,Southeast Kitchen,,"1901 Delaware Ave, Wilmington, DE 19806","19806,",Trolley Square,New Castle County,wilmington,,,ChIJpzC1awX9xokRT-undxiSXXw,https://www.southeastkitchen.net/,39.759910999999995,-75.564278,asian_restaurant
DE86cd5b00ee,,,core,Cinemark Christiana and XD,,"1200 Christiana Mall, Newark, DE 19702","19702,",Christiana,New Castle County,newark_de,,,ChIJX6mt7zwBx4kRiYfXKeDw1FY,https://www.cinemark.com/theatres/de-newark/cinemark-christiana-and-xd?utm_medium=organic&utm_source=gmb&utm_campaign=local_listing_theater&y_source=1_MTc0OTMwNjctNzE1LWxvY2F0aW9uLndlYnNpdGU%3D,39.6811936,-75.6502897,movie_theater
DE87d50e5fc4,,,core,QDOBA Mexican Eats,,"58 E Main St, Newark, DE 19711","19711,",Main Street,New Castle County,newark_de,,,ChIJtcu3UTCqx4kRoltdmImb05g,https://locations.qdoba.com/us/de/newark/58-e-main-st?utm_medium=organic&utm_source=google&utm_campaign=google_maps&utm_content=website&utm_term=1718,39.6833597,-75.751175,mexican_restaurant
DE89e1fcdd9d,,,core,Katanas • Sushi & Mex Grill,,"620 Plaza Dr, Newark, DE 19702","19702,",Christiana,New Castle County,newark_de,,,ChIJ1cHIqmepx4kRWfSfg7V2LQs,https://katanasde.com/,39.6275707,-75.74631219999999,restaurant
DE8ac215d941,,,core,Hibachi Grill & Supreme Buffet,,"730 Peoples Plaza, Newark, DE 19702","19702,",Glasgow,New Castle County,newark_de,,,ChIJISPvfm-ox4kR5Bcr_BsJPEQ,http://www.hibachipeoplesplaza.com/,39.6024771,-75.747439,buffet_restaurant
DE8b7e783f71,,,core,Big Fish Seafood Market,,"20312 Coastal Hwy Unit 1, Rehoboth Beach, DE 19971","19971,",Rehoboth Beach,Sussex County,rehoboth_beach,,,ChIJsxkUsT62uIkRR_8M6pa08CI,http://www.bigfishgrillmarket.com/,38.7104808,-75.0984131,meal_takeaway
DE8bd76cd40d,,,core,Mid County Lanes and Entertainment,,"875 N Broad St, Middletown, DE 19709","19709,",Middletown,New Castle County,middletown_de,,,ChIJP-y9PHygx4kRtUF9gxQuZPA,https://www.midcountylanes.com/,39.460984499999995,-75.71867329999999,bowling_alley
DE8bec7430f6,,,core,Bellevue Diner,,"703 Philadelphia Pike, Wilmington, DE 19809","19809,",Claymont,New Castle County,new_castle_de,,,ChIJqQtVDHXjxokRZOQ8UKCGGNI,http://bellevuedinerde.com/,39.7703665,-75.5017392,american_restaurant
DE8c0122f1b8,,,core,Chiles Locos Mexican Food,,"204 W 10th St, Wilmington, DE 19801","19801,",Market Street,New Castle County,wilmington,,,ChIJgetofNP9xokRo9nImUQ2fao,https://chileslocosmexicanfood.com/,39.7460965,-75.5493491,restaurant
DE8c532f61ea,,,core,Al Toque,,"20880 Coastal Hwy, Dewey Beach, DE 19971","19971,",Coastal Highway,Sussex County,dewey_beach,,,ChIJ0XlDk2a3uIkR-ESlj4zMdyg,,38.7020809,-75.08276819999999,latin_american_restaurant
DE8d54dcd2ba,,,core,The Carriage House Bar + Lounge,,"805 N Broom St, Wilmington, DE 19806","19806,",Trolley Square,New Castle County,wilmington,,,ChIJGxJLbIz9xokRRPBFkENnx6w,https://www.facebook.com/The-Carriage-House-Bar-Lounge-111956328087631/,39.7504209,-75.56388520000002,lounge_bar
DE8d89f7fb4b,,,core,La Hermosa Mexican restaurant,,"2707 Philadelphia Pike, Claymont, DE 19703","19703,",Claymont,New Castle County,new_castle_de,,,ChIJPaCWIwDjxokRsDE2aCBlYsI,https://lahermosamexicanrestaurantde.com/,39.7952675,-75.4677402,mexican_restaurant
DE8e1248edd5,,,core,Outback Steakhouse,,"19917 Sea Blossom Blvd, Rehoboth Beach, DE 19971","19971,",Rehoboth Beach boardwalk,Sussex County,rehoboth_beach,,,ChIJM3HEnmW2uIkR8V38rM2e1nw,https://locations.outback.com/delaware/rehoboth-beach/19917-sea-blossom-boulevard?utm_source=gmb&utm_medium=local_search&utm_campaign=website_cta&y_source=1_MTU1MDI0MDAtNzE1LWxvY2F0aW9uLndlYnNpdGU%3D,38.716020199999996,-75.1079081,steak_house
DE8e9e339b4c,,,core,Lewes Oyster House,,"108 2nd St #1, Lewes, DE 19958","19958,",Second Street,Sussex County,lewes,,,ChIJrRXs0Ue3uIkRMev1lzp-SC4,https://lewesoyster.com/,38.7749235,-75.13928299999999,restaurant
DE8ead3c7682,,,core,Kelly's Logan House,,"1701 Delaware Ave #2329, Wilmington, DE 19806","19806,",Trolley Square,New Castle County,wilmington,,,ChIJmQziAxD9xokRBq_vmvwHTxE,http://www.loganhouse.com/,39.7582504,-75.5623765,pub
DE8f0c7b8ebd,,,core,Go Fish!,,"24 Rehoboth Ave, Rehoboth Beach, DE 19971","19971,",Rehoboth Avenue,Sussex County,rehoboth_beach,,,ChIJY4gFx262uIkRbd7e3ycCC3I,https://gofishrehoboth.com/?utm_source=google,38.7162543,-75.0769248,fish_and_chips_restaurant
DE8f4f4d1b7f,,,core,El Trébol Tex Mex Restaurant,,"707 Pulaski Hwy, Bear, DE 19701","19701,",Bear,New Castle County,newark_de,,,ChIJ7WxronkHx4kRphMmvQXAGU0,https://eltreboltexmexrestaurant.com/,39.646222699999996,-75.63753299999999,restaurant
DE9069992c03,,,core,Derby’s Bar & Restaurant,,"840 Kohl Ave, Middletown, DE 19709","19709,",Middletown,New Castle County,middletown_de,,,ChIJvVN-xhKhx4kR-WwAorj0vwE,https://www.derbysrestaurantbar.com/,39.4413759,-75.7419623,restaurant
DE90b6e935e9,,,core,Kathy's Crab House,,"107 5th St, Delaware City, DE 19706","19706,",Delaware City,New Castle County,new_castle_de,,,ChIJ60e5_okFx4kRk_Hbwr0AH4w,http://dineatkathys.com/,39.5705414,-75.5918121,seafood_restaurant
DE910298c9e8,,,core,Charlie's Pizza,,"2703 Philadelphia Pike, Claymont, DE 19703","19703,",Claymont,New Castle County,new_castle_de,,,ChIJKxNtZojjxokR7RK1ekCqgeQ,,39.7954582,-75.4684633,pizza_restaurant
DE914999684c,,,core,BBC Tavern and Grill,,"4019 Kennett Pike, Greenville, DE 19807","19807,",Hockessin,New Castle County,hockessin_greenville,,,ChIJM8F_Pzb8xokRWmVDufKQxsY,http://www.bbctavernandgrill.com/,39.7804439,-75.5988612,bar_and_grill
DE9160afacaf,,,core,Ioannoni's Specialty Sandwiches,,"624 E Basin Rd, New Castle, DE 19720","19720,",New Castle,New Castle County,new_castle_de,,,ChIJsZTyjqIDx4kRLRtk_DjVGy8,http://www.ioannonis.com/,39.6712949,-75.5834282,sandwich_shop
DE926d17ef76,,,core,Rancho Azteca | Mexican Restaurant,,"222 Delaware St, New Castle, DE 19720","19720,",New Castle,New Castle County,new_castle_de,,,ChIJs8Zd1VsDx4kRASuOMVc5Z4Q,https://ranchoaztecamexicanrestaurantde.com/,39.6597954,-75.56427889999999,mexican_restaurant
DE92e8c50e1a,,,core,Culinaria Restaurant,,"1812 Marsh Rd, Wilmington, DE 19810","19810,",Claymont,New Castle County,new_castle_de,,,ChIJZeTLyqHkxokR7RX_3hgFpSk,http://www.culinariarestaurant.com/,39.8039999,-75.5043795,american_restaurant
DE931db236f8,,,core,Vita Nova Restaurant,,"Trabant University Center, 17 W Main St, Newark, DE 19716","19716,",Main Street,New Castle County,newark_de,,,ChIJZ64RHzKqx4kR0Ve_TNkLIUQ,http://www.lerner.udel.edu/departments/hrim/vita-nova-restaurant,39.6824374,-75.75432719999999,fine_dining_restaurant
DE9373a73667,,,core,Rice Restaurant,,"2015 Limestone Rd, Wilmington, DE 19808","19808,",Pike Creek,New Castle County,hockessin_greenville,,,ChIJJUKJ3McBx4kREaMCnKdir7w,http://rice2015.com/,39.7214271,-75.65512129999999,sushi_restaurant
DE93a0402d91,,,core,Sunny Bay Cafe,,"236 Rehoboth Ave, Rehoboth Beach, DE 19971","19971,",Rehoboth Avenue,Sussex County,rehoboth_beach,,,ChIJfWlcN8-3uIkRpOx0g9-BZ8Q,https://www.sunnybaycaferb.com/,38.7155506,-75.0841335,restaurant
DE93e13a0a09,,,core,Opa! Opa!,,"7A Trolley Square, Wilmington, DE 19806","19806,",Trolley Square,New Castle County,wilmington,,,ChIJ-Y8XERD9xokReyf7_pYEhak,https://opaopagyros.com/,39.757722,-75.5615998,greek_restaurant
DE94385cafe3,,,core,Newport Family Restaurant in Graystone Plaza,,"601 W Newport Pike, Wilmington, DE 19804","19804,",New Castle,New Castle County,new_castle_de,,,ChIJpQBU8iECx4kR8r-xTEoOK1Q,http://newportfamilyrestaurant.com/,39.714456,-75.615479,diner
DE94b0c1f55d,,,core,Casapulla's Glasgow Subs,,"2480 Glasgow Ave, Newark, DE 19702","19702,",Glasgow,New Castle County,newark_de,,,ChIJdTKV2G6ox4kR6-2_DjtUO1o,https://www.facebook.com/glasgowcasapullas/,39.602604,-75.744788,sandwich_shop
DE94b10a7fb7,,,core,Aunt Berta's Kitchen of Hockessin,,"7288 Lancaster Pike, Hockessin, DE 19707","19707,",Hockessin,New Castle County,hockessin_greenville,,,ChIJuaJrwFX_xokRSwPNkkMTnfQ,https://auntbertaskitchen.com/hockessin?utm_source=google,39.787081799999996,-75.6929408,soul_food_restaurant
DE94c6e36983,,,core,Taverna Newark,,"121 E Main St, Newark, DE 19711","19711,",Main Street,New Castle County,newark_de,,,ChIJ0R6ahjqqx4kRFzeySIm_Ixs,https://www.tavernapdg.com/,39.6832557,-75.7482735,italian_restaurant
DE94d9c5de8b,,,core,Faire Cafe,,"216 W 9th St, Wilmington, DE 19801","19801,",Market Street,New Castle County,wilmington,,,ChIJid_2wY79xokRVTku5fcHm18,https://www.fairecafe.com/,39.7452992,-75.5502551,cafe
DE950e730de5,,,core,Pig & Publican,,"516 E Savannah Rd, Lewes, DE 19958","19958,",Second Street,Sussex County,lewes,,,ChIJr6BrQ0u3uIkRYP_PUj5tb3o,http://www.pigandpublican.com/,38.7777422,-75.1360479,bar_and_grill
DE9552135365,,,core,Blaque Label Lounge,,"1505 N Dupont Hwy, New Castle, DE 19720","19720,",New Castle,New Castle County,new_castle_de,,,ChIJm2oCFAADx4kRJERUEYkyS2Y,,39.691338099999996,-75.581709,bar
DE9582dd440a,,,core,301 Plaza Restaurant,,"921 Middletown Warwick Rd, Middletown, DE 19709","19709,",Townsend,New Castle County,middletown_de,,,ChIJO0F-aX2hx4kRk0aO2zSinsY,https://www.facebook.com/301PlazaRestaurant/,39.4383043,-75.752613,diner
DE95fd6ac85a,,,core,"La Tonalteca - Hockessin,DE",,"700 Lantana Dr, Hockessin, DE 19707","19707,",Hockessin,New Castle County,hockessin_greenville,,,ChIJhejrmIn_xokRuVmNDA5Pohw,https://latonalteca.com/restaurant/hockessin/,39.774653199999996,-75.7106306,mexican_restaurant
DE9616256967,,,core,Magnolia Lounge & Events,,"16 Van Dyke Dr, New Castle, DE 19720","19720,",Bear,New Castle County,newark_de,,,ChIJTW58oW4Dx4kRtx89x86bggM,,39.6732898,-75.5662196,bar
DE9619667499,,,core,Revelation Craft Brewing,,"37251 Rehoboth Ave, Rehoboth Beach, DE 19971","19971,",Rehoboth Beach,Sussex County,rehoboth_beach,,,ChIJMYyy-Ui2uIkR3NjXZsber7I,http://www.revbeer.com/,38.713653799999996,-75.0969532,brewery
DE96392448fe,,,core,Indigo,,"44 Rehoboth Ave, Rehoboth Beach, DE 19971","19971,",Rehoboth Beach boardwalk,Sussex County,rehoboth_beach,,,ChIJwR2cuG62uIkRqdVXSpBfUjU,http://www.indigorehoboth.com/,38.7162339,-75.0776196,indian_restaurant
DE969bfaff94,,,core,Cilantro Cocina de Mexico,,"120 Rehoboth Ave, Rehoboth Beach, DE 19971","19971,",Rehoboth Beach boardwalk,Sussex County,rehoboth_beach,,,ChIJ42kLRGm2uIkRd3I4aRhVsQ8,http://www.cilantrococinademexico.com/,38.7159974,-75.0795691,mexican_restaurant
DE96d3f4809e,,,core,Embers Restaurant & Bar,,"630 Naamans Rd E, Claymont, DE 19703","19703,",Claymont,New Castle County,new_castle_de,,,ChIJhx5SLTDlxokRWNKrhBOnPis,,39.8150365,-75.4569582,restaurant
DE96f3fbf01a,,,core,Hibachi Grill & Supreme Sushi Buffet,,"4403 Kirkwood Hwy, Wilmington, DE 19808","19808,",Pike Creek,New Castle County,hockessin_greenville,,,ChIJz7m_rMUBx4kROeU0MhgEvoM,,39.728460999999996,-75.654186,sushi_restaurant
DE973367f87d,,,core,Sully's Irish Pub,,"12 W Main St, Middletown, DE 19709","19709,",Middletown,New Castle County,middletown_de,,,ChIJcQN_gXagx4kRBWNQcwyANFY,,39.449413299999996,-75.7171249,irish_pub
DE97601b60f6,,,core,Ristorante Attilio,,"1900 Lancaster Ave, Wilmington, DE 19805","19805,",Trolley Square,New Castle County,wilmington,,,ChIJncDUjHX9xokRCPPlzM3Usu4,https://ristoranteattilio.com/,39.7462667,-75.5737123,restaurant
DE97fd5fcd20,,,core,Ron Jaworski's Back Creek Golf Club,,"101 Back Creek Dr, Middletown, DE 19709","19709,",Middletown,New Castle County,middletown_de,,,ChIJFfwY8iihx4kRb4V5UNCnrzI,https://backcreekgc.com/,39.5009775,-75.7602848,golf_course
DE9820784853,,,core,Sapporo Soul Ramen & Sushi,,"259 S Main St, Newark, DE 19711","19711,",Main Street,New Castle County,newark_de,,,ChIJKQ5iIimrx4kR2lyKd38ceVU,https://sapporosoulramen.com/,39.676518699999995,-75.7625314,japanese_restaurant
DE98501eeb65,,,core,Washington Street Ale House,,"1206 Washington St, Wilmington, DE 19801","19801,",Trolley Square,New Castle County,wilmington,,,ChIJKTHB0T_9xokRGTokGjJczsQ,http://www.wsalehouse.com/,39.7491147,-75.5502686,bar
DE985450b059,,,core,Two Stones Pub,,"1203 Christiana Rd, Newark, DE 19713","19713,",Main Street,New Castle County,newark_de,,,ChIJBR0bw_Cpx4kR7blgujlmkh0,https://twostonespub.com/,39.6746281,-75.680019,restaurant
DE9874a99580,,,core,Above the Dunes,,"101 S Boardwalk Fl 2, Rehoboth Beach, DE 19971","19971,",Rehoboth Avenue,Sussex County,rehoboth_beach,,,ChIJ0WWzfBO3uIkR6KU4xS-FJdc,https://www.abovethedunes.com/,38.71553,-75.07619,restaurant
DE98bc222a48,,,core,Three Notch'd Brewery & Craft Kitchen - Rehoboth Beach,,"19815 Coastal Hwy, Rehoboth Beach, DE 19971","19971,",Rehoboth Beach,Sussex County,rehoboth_beach,,,ChIJm8LX-py3uIkR-OTc4gY3B0o,https://threenotchdbrewing.com/,38.716243899999995,-75.1088899,brewpub
DE992ef292d6,,,core,Midway Cafe Restaurant,,"18585 Coastal Hwy #14, Rehoboth Beach, DE 19971","19971,",Midway,Sussex County,rehoboth_beach,,,ChIJ4QPUBAC3uIkR10QL2yt1uuE,,38.7372169,-75.1409662,restaurant
DE99a710355f,,,core,Dogfish Head Chesapeake & Maine,,"316 Rehoboth Ave, Rehoboth Beach, DE 19971","19971,",Rehoboth Avenue,Sussex County,rehoboth_beach,,,ChIJ51F9mUG2uIkRUpW9GIKZkuc,https://www.dogfish.com/visit/chesapeake-and-maine,38.7153089,-75.0869362,seafood_restaurant
DE99d7b97137,,,core,Farmer & The Cow,,"801 N Market St, Wilmington, DE 19801","19801,",Trolley Square,New Castle County,wilmington,,,ChIJq6q34Gn9xokRD9pfvBHpNYw,http://www.farmerandthecow.com/,39.743714,-75.5494459,restaurant
DE99e15e6260,,,core,Angel’s Family Restaurant,,"2222 Silverside Rd, Wilmington, DE 19810","19810,",Claymont,New Castle County,new_castle_de,,,ChIJf4CaOLrlxokRZLHHTn6814U,https://angelsrestaurantde.com/,39.8036816,-75.50883499999999,american_restaurant
DE9a2692b588,,,core,Vino Del Mar,,"1201 Savannah Rd, Lewes, DE 19958","19958,",Second Street,Sussex County,lewes,,,ChIJtSQfZgC3uIkR2vMOUjm9IhM,https://vino-del-mar.com/,38.7622974,-75.1526451,wine_bar
DE9a5fedb6cd,,,core,Chickie’s & Pete’s,,"801 Shipyard Dr, Wilmington, DE 19801","19801,",Riverfront,New Castle County,wilmington,,,ChIJ_UtESQD9xokRrHzriwsqPcA,,39.732126,-75.56391219999999,sports_bar
DE9a79cd0f8e,,,core,Aqua Bar & Grill,,"57 Baltimore Ave, Rehoboth Beach, DE 19971","19971,",Rehoboth Beach,Sussex County,rehoboth_beach,,,ChIJV7cFF2m2uIkRw6DPo_wHIqY,http://www.aquarehoboth.com/,38.7170924,-75.0815873,american_restaurant
DE9ad99e02f1,,,core,Jerk and Jambalaya,,"70 Rehoboth Ave, Rehoboth Beach, DE 19971","19971,",Rehoboth Avenue,Sussex County,rehoboth_beach,,,ChIJqf0pLgC3uIkRfNI8oa8OXkY,http://www.jerkjambalaya.com/,38.7158778,-75.0785343,restaurant
DE9b408d2815,,,core,"Just to Serve You, DE",,"1828 W 11th St, Wilmington, DE 19805","19805,",Elsmere,New Castle County,new_castle_de,,,ChIJ_1MKpg79xokRlpzPUP-1HC4,,39.7545973,-75.5676295,soul_food_restaurant
DE9b476a0a77,,,core,Atexquita Restaurant Mexican Middletown,,"4456 Summit Bridge Rd, Middletown, DE 19709","19709,",Middletown,New Castle County,middletown_de,,,ChIJgf0aeZEJx4kRqB6N-yqOEAI,https://atexquitanewark.square.site/,39.5126741,-75.71235500000002,mexican_restaurant
DE9b66c36e10,,,core,E Squared Cigar Sports Bar,,"3616 Kirkwood Hwy #5124, Wilmington, DE 19808","19808,",Glasgow,New Castle County,newark_de,,,ChIJ__-v6-MBx4kRDzwC0gjxe_o,https://www.esquaredcigarbar.com/,39.7339494,-75.63683619999999,store
DE9b6bd4d8c7,,,core,Salt Air,,"50 Wilmington Ave, Rehoboth Beach, DE 19971","19971,",Rehoboth Avenue,Sussex County,rehoboth_beach,,,ChIJNzYG1Gu2uIkRYnosFWlU5TI,http://www.saltairrestaurant.com/,38.7151302,-75.0810539,american_restaurant
DE9b9a033447,,,core,Rocco Italian Grill & Sports Bar,,"701 N Union St, Wilmington, DE 19805","19805,",Trolley Square,New Castle County,wilmington,,,ChIJHwmu_Ar9xokRuRhoJ50uYbc,http://roccoitaliangrill.com/,39.7517184,-75.57165049999999,sports_bar
DE9b9b181b31,,,core,Blackwall at the Beach,,"52 Rehoboth Ave B, Rehoboth Beach, DE 19971","19971,",Rehoboth Avenue,Sussex County,rehoboth_beach,,,ChIJB9Y47K-3uIkRD3-2SwW86Ts,https://www.blackwallhitchrehoboth.com/?utm_source=Google&utm_medium=GBP&utm_campaign=Website+Button,38.7160934,-75.077851,seafood_restaurant
DE9bb9e13eec,,,core,Quinn's Cafe,,"7288 Lancaster Pike #2, Hockessin, DE 19707","19707,",Hockessin,New Castle County,hockessin_greenville,,,ChIJu2j7CHX_xokRPV4zyTr4pKM,http://www.quinnscafe.com/,39.787307299999995,-75.6928899,brunch_restaurant
DE9bc5cf0ee1,,,core,Carusos Bistro,,"264 Dove Run Boulevard, Middletown, DE 19709","19709,",Townsend,New Castle County,middletown_de,,,ChIJSSStBvMKx4kRep2hgwE8MWU,https://carusosbistrode.com/,39.4543049,-75.68734549999999,pizza_restaurant
DE9c5b15679e,,,core,George's Bar,,"Claymont, DE 19703","19703,",Centreville,New Castle County,hockessin_greenville,,,ChIJJ171cQ3kxokR-Aft9IgbwJw,,39.8048307,-75.455575,bar
DE9c9df4c529,,,core,Wilmington Diner,,"407 Marsh Rd, Wilmington, DE 19809","19809,",Claymont,New Castle County,new_castle_de,,,ChIJI8VQ4SPjxokReHWHwC_OpSA,https://wilmingtondinerde.com/,39.767507699999996,-75.50877919999999,diner
DE9cce294aa5,,,core,Odessa Diner,,"3147 Dupont Pkwy, Middletown, DE 19709","19709,",Middletown,New Castle County,middletown_de,,,ChIJnYGNydsLx4kRcdWs6neJv0Q,,39.448598,-75.66506079999999,diner
DE9cfa27979f,,,core,Ole Tapas Lounge and Restaurant,,"1126 Capitol Tr, Newark, DE 19711","19711,",Main Street,New Castle County,newark_de,,,ChIJseo8UJ0Ax4kRUHbZrkEi5CY,https://www.oletapaslounge.com/,39.696189,-75.712722,spanish_restaurant
DE9d3a75157c,,,core,Mex A Mex,,"4737 Concord Pike #810, Wilmington, DE 19803","19803,",Centreville,New Castle County,hockessin_greenville,,,ChIJc6kgWCP7xokRh4BLpmprvOQ,http://mexamexde.com/,39.8240988,-75.54400729999999,tex_mex_restaurant
DE9e2178f030,,,core,Alex's Seafood Restaurant & Retail Located in The New Castle Farmers Market,,"110 N Dupont Hwy, New Castle, DE 19720","19720,",Delaware City,New Castle County,new_castle_de,,,ChIJPyrEiewDx4kRoa8NeUcZ1Mk,http://www.alexsseafood.com/,39.666839599999996,-75.6001416,seafood_restaurant
DE9e3cb8e9b5,,,core,Kabab and Curry,,"4704 Limestone Rd, Wilmington, DE 19808","19808,",Pike Creek,New Castle County,hockessin_greenville,,,ChIJPWSYPMQBx4kR9zUnj8jVUDo,https://kababandcurrydelaware.com/,39.7392994,-75.6926462,restaurant
DE9ed42a4dd8,,,core,Dos Locos,,"208 Rehoboth Ave, Rehoboth Beach, DE 19971","19971,",Rehoboth Beach,Sussex County,rehoboth_beach,,,ChIJo8NUj2m2uIkRj-Cr0mEqtJo,https://doslocos.com/,38.7157358,-75.0821717,mexican_restaurant
DE9f130c056c,,,core,Buckley's Tavern,,"5812 Kennett Pike, Wilmington, DE 19807","19807,",Riverfront,New Castle County,wilmington,,,ChIJHfXSAP37xokRqkWCjvj6qGQ,http://www.buckleystavern.com/,39.8226109,-75.6175927,american_restaurant
DE9f42e01b0e,,,core,Grotto Pizza,,"5 S Boardwalk, Rehoboth Beach, DE 19971","19971,",Rehoboth Beach boardwalk,Sussex County,rehoboth_beach,,,ChIJKf6ddLS3uIkRwxa3M1V0a1g,http://grottopizza.com/,38.7163506,-75.0761591,pizza_restaurant
DE9f4c355df7,,,core,Feby's Fishery,,"3701 Lancaster Pike, Wilmington, DE 19805","19805,",Greenville,New Castle County,hockessin_greenville,,,ChIJD2aN9779xokRJTwB8ajhgcw,http://www.febysfishery.com/,39.755007899999995,-75.5941192,seafood_restaurant
DE9fb169fc8a,,,core,Café Papillon,,"42 Rehoboth Ave, Rehoboth Beach, DE 19971","19971,",Rehoboth Avenue,Sussex County,rehoboth_beach,,,ChIJvezBx262uIkRLpatpl0Eja0,https://www.facebook.com/papilloncrepesandcroissants/,38.715944,-75.077407,cafe
DEa077f4e311,,,core,Brew Works North,,"1851 Marsh Rd, Wilmington, DE 19810","19810,",Trolley Square,New Castle County,wilmington,,,ChIJeSf1qJDlxokRX2iEJKZC24E,https://wilmingtonbrewworks.com/brew-works-north/,39.8054998,-75.5008271,brewery
DEa0ac8b0e47,,,core,Soybean Asian Grille,,"4702 Limestone Rd, Wilmington, DE 19808","19808,",Pike Creek,New Castle County,hockessin_greenville,,,ChIJ-_GJYB8Ax4kRuIQJJtUJjas,http://www.soybeanasiangrille.com/,39.739349399999995,-75.6924667,thai_restaurant
DEa0f9871c0b,,,core,SNOWFOX Sushi,,"2400 Peoples Plaza, Newark, DE 19702","19702,",Glasgow,New Castle County,newark_de,,,ChIJGwQUtyupx4kRbNZZLjuFlUc,https://www.snowfox.com/,39.6003106,-75.74895959999999,meal_takeaway
DEa14dc48d3d,,,core,Tio Taco + Tequila,,"325 Christiana Mall Spc 1325, Newark, DE 19702","19702,",Christiana,New Castle County,newark_de,,,ChIJRWN6Px8Bx4kRmg7kejSrCUg,https://www.tiotacotequila.com/newark-delaware,39.679027999999995,-75.65330999999999,restaurant
DEa165b2c264,,,core,The Garden at Bardea,,"612 N Market St, Wilmington, DE 19801","19801,",Market Street,New Castle County,wilmington,,,ChIJ971tlfH9xokRoGrk68eBL1I,https://www.thegardenwilm.com/,39.7423357,-75.54966999999999,restaurant
DEa1932d1c0d,,,core,Kid Shelleen's - Trolley Square,,"1801 W 14th St, Wilmington, DE 19806","19806,",Trolley Square,New Castle County,wilmington,,,ChIJl1JGoQ_9xokRwL67rK6WvjY,https://www.harryshospitalitygroup.com/kid-shelleens/,39.7574361,-75.5652635,bar_and_grill
DEa217950144,,,core,Red White and Brew,,"106 Main St, Wilmington, DE 19804","19804,",Bear,New Castle County,newark_de,,,ChIJN4IKBr4Bx4kRHr3Afp81pdU,http://www.facebook.com/redwhiteandbrewde,39.713846,-75.64473029999999,bar
DEa2484dc015,,,core,Mary's Kountry Kitchen,,"222 Main St, Wilmington, DE 19804","19804,",Pike Creek,New Castle County,hockessin_greenville,,,ChIJW_ONz70Bx4kRtAKFleKF-6c,http://www.marys-kountry-kitchen.com/,39.7131538,-75.6462021,american_restaurant
DEa2a51b1b18,,,core,Bardea Steak,,"608 N Market St, Wilmington, DE 19801","19801,",Market Street,New Castle County,wilmington,,,ChIJYw_10M79xokRa17ML6XApN8,https://www.bardeasteak.com/,39.742174,-75.549756,steak_house
DEa2d4932451,,,core,Cafeneo - Newark,,"139 S Main St #101, Newark, DE 19711","19711,",Main Street,New Castle County,newark_de,,,ChIJZSMUvjarx4kRjm9IHQRLF5Y,https://www.cafeneobakery.com/,39.6791955,-75.7601146,coffee_shop
DEa2e92f9f44,,,core,Urban Fork Restaurant & Bar,,"201 N Market St, Wilmington, DE 19801","19801,",Market Street,New Castle County,wilmington,,,ChIJ7_CECeb9xokRLGF3FUUNog8,http://www.eaturbanfork.com/,39.738960899999995,-75.55257879999999,restaurant
DEa2ef258276,,,core,Eden,,"20200 Coastal Hwy, Rehoboth Beach, DE 19971","19971,",Rehoboth Beach,Sussex County,rehoboth_beach,,,ChIJZbRU0262uIkRbWEg6w4TXAY,http://edenrestaurant.com/?y_source=1_MjkwMTQyNTEtNzE1LWxvY2F0aW9uLndlYnNpdGU%3D,38.7119207,-75.1019486,american_restaurant
DEa3a1046717,,,core,"Harvest Tide Steakhouse | Lewes, DE",,"410 E Savannah Rd, Lewes, DE 19958","19958,",Second Street,Sussex County,lewes,,,ChIJmzwpoQq3uIkRTJO5U5X_uMQ,http://www.harvesttide.co/,38.778782899999996,-75.1350246,steak_house
DEa3cec60d8f,,,core,Eggspectation - Christiana,,"507 Stanton Christiana Rd, Newark, DE 19713","19713,",Christiana,New Castle County,newark_de,,,ChIJww00nF8Bx4kRPOTVH4OUTsA,https://www.eggspectation.com/newark-de,39.696078799999995,-75.6528402,brunch_restaurant
DEa3dcf9e68f,,,core,DORCEA,,"1314 Washington St, Wilmington, DE 19801","19801,",Trolley Square,New Castle County,wilmington,,,ChIJifmaSpz9xokRtwq8N2RTzcM,http://dorcea.com/,39.7502097,-75.54941749999999,restaurant
DEa4046b009e,,,core,Nora Lees French Quarter Bistro,,"124 Delaware St, New Castle, DE 19720","19720,",New Castle,New Castle County,new_castle_de,,,ChIJz6ndXmjqxokRDgzxiDQBxi8,http://noralees.com/,39.6591133,-75.5635076,cajun_restaurant
DEa4306e1557,,,core,OverTime Bar & Grill,,"105 Kirkwood Square, Wilmington, DE 19808","19808,",Bear,New Castle County,newark_de,,,ChIJpdXdKE4Ax4kRdQE-BXU-CBg,https://www.facebook.com/overtimebarandgrill17/,39.7119913,-75.6750206,bar
DEa49590f59b,,,core,Autumn Arch Beer Project,,"810 Pencader Dr C, Newark, DE 19702","19702,",Main Street,New Castle County,newark_de,,,ChIJE5aOTLmpx4kR1QUltVYogjw,https://www.autumnarch.com/,39.6114928,-75.7696924,brewery
DEa4fada708b,,,core,The Farmhouse Middletown,,"416 S Ridge Ave, Middletown, DE 19709","19709,",Middletown,New Castle County,middletown_de,,,ChIJOd5DZ3qhx4kRRPxXU1mkCYQ,https://www.farmhousemiddletown.com/,39.448639899999996,-75.7323274,restaurant
DEa50523054c,,,core,Makers Alley,,"804 Orange St, Wilmington, DE 19801","19801,",Trolley Square,New Castle County,wilmington,,,ChIJoUnXs8r9xokR5a4hbpdFB-o,https://www.makersalleyde.com/,39.7441045,-75.5501642,beer_garden
DEa5c329773b,,,core,Two Stones Pub Hockessin,,"300 Lantana Dr, Hockessin, DE 19707","19707,",Newark,New Castle County,newark_de,,,ChIJO5Jr4Ij_xokRW1I9BIv9vu8,https://www.twostonespub.com/,39.7748989,-75.7096687,restaurant
DEa5f0300775,,,core,Toba Asian Fusion,,"106 Sandhill Dr, Middletown, DE 19709","19709,",Middletown,New Castle County,middletown_de,,,ChIJacAAok-hx4kRe_zxDv-iKLI,http://tobaasianfusion.com/,39.4521365,-75.7273597,japanese_restaurant
DEa60f54694b,,,core,Eggcellent,,"109 W Market St, Lewes, DE 19958","19958,",Second Street,Sussex County,lewes,,,ChIJD23PZbS3uIkRsUzo54Z_V5g,,38.7758898,-75.13985559999999,restaurant
DEa862841608,,,core,Capriotti's Sandwich Shop,,"1604 Savannah Rd, Lewes, DE 19958","19958,",Savannah Road,Sussex County,lewes,,,ChIJJTsDd9C5uIkREOZFIt98Ft8,https://capriottis.com/location/lewes-de-34776698,38.75105,-75.16517999999999,sandwich_shop
DEa986393559,,,core,Henlopen City Oyster House,,"50 Wilmington Ave, Rehoboth Beach, DE 19971","19971,",Rehoboth Avenue,Sussex County,rehoboth_beach,,,ChIJYa0T12u2uIkRDpfXS-fKdAA,http://hcoysterhouse.com/,38.715190400000004,-75.0809055,oyster_bar_restaurant
DEa9b4014081,,,core,Lori's Cafe,,"39 Baltimore Ave, Rehoboth Beach, DE 19971","19971,",Rehoboth Beach boardwalk,Sussex County,rehoboth_beach,,,ChIJZ5DHJGm2uIkRiA6TR9_0lO8,http://www.lorisoyveycafe.com/,38.7173219,-75.08020979999999,cafe
DEa9c9eec8a5,,,core,First State Brewing Company,,"109 Patriot Dr, Middletown, DE 19709","19709,",Greenville,New Castle County,hockessin_greenville,,,ChIJT0TtVCWgx4kRBJVudkWiVx0,https://www.firststatebrewing.com/,39.437760999999995,-75.748509,restaurant
DEaa5896b840,,,core,Crow Bar,,"1711 Delaware Ave, Wilmington, DE 19806","19806,",Trolley Square,New Castle County,wilmington,,,ChIJg5qwnWT9xokRz8EuikpFfXY,http://www.crowbarwilmington.com/,39.7585286,-75.5629057,restaurant
DEaa6e86bb93,,,core,Back Burner Restaurant & Tavern,,"425 Hockessin Cor, Hockessin, DE 19707","19707,",Hockessin,New Castle County,hockessin_greenville,,,ChIJB8u6xHX_xokRKiJUtKUW4NU,http://www.backburner.com/,39.7869905,-75.697101,american_restaurant
DEaa7ab85f7e,,,core,Kalbi Asian Bistro (Korean Restaurant),,"2011 Kirkwood Hwy, Wilmington, DE 19805","19805,",Elsmere,New Castle County,new_castle_de,,,ChIJhebNRff9xokRxK33u6cdVrg,http://kabkor.com/,39.7388063,-75.6087058,korean_restaurant
DEab28b03ee5,,,core,Wyatt's Steam Trailer at Willey Farms,,"4062 Dupont Pkwy, Townsend, DE 19734","19734,",Townsend,New Castle County,middletown_de,,,ChIJWU_z08F1x4kRqDr3NtTPLT4,https://www.facebook.com/profile.php?id=61577275827046,39.3924592,-75.6620258,seafood_restaurant
DEab3d90e8aa,,,core,Casa Nonna,,"111 W 10th St, Wilmington, DE 19801","19801,",Little Italy,New Castle County,wilmington,,,ChIJ-_lNIdj9xokR1X4dcV9p3jU,https://www.casanonnade.com/,39.74621,-75.5487594,italian_restaurant
DEab3e39e85c,,,core,Over The Border Tacos,,"125 N Market St, Wilmington, DE 19801","19801,",Market Street,New Castle County,wilmington,,,ChIJH5qSmqP9xokRpJYchA34qGo,,39.7387362,-75.5526204,taco_restaurant
DEab709cbc4b,,,core,Timothy's of Newark,,"100 Creek View Rd, Newark, DE 19711","19711,",Main Street,New Castle County,newark_de,,,ChIJS2A-OTiqx4kReXvs_lEV9tI,http://www.timothysofnewark.com/,39.689344399999996,-75.7479743,american_restaurant
DEab9bfffdaf,,,core,Olympic Subs & Steaks,,"813 N Market St, Wilmington, DE 19801","19801,",Market Street,New Castle County,wilmington,,,ChIJOYgIt0H9xokRKD144BWrXUU,,39.7438852,-75.5492886,steak_house
DEac77fff2b6,,,core,Lucky Buffet,,"209 Governors Pl, Bear, DE 19701","19701,",Bear,New Castle County,newark_de,,,ChIJHRgjc-MGx4kRywtKkk98Pzs,https://m.facebook.com/LuckyBuffetBearDE,39.635287,-75.6609739,buffet_restaurant
DEacd5958067,,,core,Midnight Flavor,,"413 N Market St, Wilmington, DE 19801","19801,",Market Street,New Castle County,wilmington,,,ChIJK4TTeBT9xokR4DBGw6zkCM0,http://midnightflavor.toast.site/,39.7409441,-75.5512899,restaurant
DEacef765341,,,core,Ochinilis Steaks,,"428 E Main St, Middletown, DE 19709","19709,",Middletown,New Castle County,middletown_de,,,ChIJ9U3CV479xokRVN-gTZbtAxM,https://ochinilis.com/?utm_source=google,39.4485932,-75.69897379999999,american_restaurant
DEad4627262d,,,core,Summit Taproom,,"4390 Summit Bridge Rd, Middletown, DE 19709","19709,",Bear,New Castle County,newark_de,,,ChIJBZ9LlQIJx4kRZ9_PGP19l3g,http://facebook.com/summittaproom,39.515033599999995,-75.7129343,sports_bar
DEad8f42794b,,,core,Aureas Mexican Restaurant,,"3624 Bayard Dr, Claymont, DE 19703","19703,",Claymont,New Castle County,new_castle_de,,,ChIJPz_UzHLkxokRfbv82j4uw3U,https://order.spoton.com/so-aureas-mexican-restaurant-8084/claymont-de/605a62b89adef39045f910b8,39.804939,-75.455311,mexican_restaurant
DEaece6a11cd,,,core,Palettes Restaurant and Lounge,,"4727 Concord Pike, Wilmington, DE 19803","19803,",Centreville,New Castle County,hockessin_greenville,,,ChIJZZlhCUP7xokRMkboFjUw6CQ,http://doubletree3.hilton.com/en/hotels/delaware/doubletree-by-hilton-hotel-wilmington-ILGCPDT/dining/index.html,39.8195105,-75.5467086,american_restaurant
DEaf14b47c89,,,core,Kimothy Place,,"4035 Dupont Pkwy, Townsend, DE 19734","19734,",Middletown,New Castle County,middletown_de,,,ChIJKV2CAeF0x4kRC7dSImqGxRU,,39.3935866,-75.6635388,bar
DEaf77290333,,,core,MAS TACOS,,"426 E Main St, Middletown, DE 19709","19709,",Middletown,New Castle County,middletown_de,,,ChIJ9ysF0JQLx4kR0jdRc11W7c4,https://www.mastacosde.com/,39.448583899999996,-75.6991163,mexican_restaurant
DEaf9e80bdca,,,core,Throwbacks Sports Lounge,,"721 Ace Memorial Dr, Hockessin, DE 19707","19707,",Newark,New Castle County,newark_de,,,ChIJr9cteHb_xokRVZ9FxMlVfmw,https://www.taphunter.com/location/throwbacks-sports-lounge/5393187341598720,39.7939077,-75.7093069,sports_bar
DEafa7d9fec0,,,core,FRY’N PIE,,"488 Bear Christiana Rd, Bear, DE 19701","19701,",Bear,New Castle County,newark_de,,,ChIJA9OrALUHx4kRZLh03aa4ZSs,https://www.frynpie.com/,39.6468231,-75.6574618,fast_food_restaurant
DEb0276b9daf,,,core,Playa Bowls,,"1904 Coastal Hwy C-7, Dewey Beach, DE 19971","19971,",Coastal Highway,Sussex County,dewey_beach,,,ChIJDRJjkHO3uIkR0mC_V3edaFc,https://www.playabowls.com/location/dewey-beach,38.6950157,-75.0747574,restaurant
DEb084896727,,,core,Bountiful Bowls,,"412 E Savannah Rd, Lewes, DE 19958","19958,",Second Street,Sussex County,lewes,,,ChIJFerQaV65uIkR8rn6LFH167Q,http://www.bountifulbowlsde.com/,38.778621799999996,-75.13519649999999,restaurant
DEb0abd23fc8,,,core,Victoria's Restaurant,,"2 Olive Avenue & Boardwalk in the Boardwalk Plaza Hotel, Rehoboth Beach, DE 19971","19971,",Rehoboth Avenue,Sussex County,rehoboth_beach,,,ChIJ-wCMrWm2uIkRcgfLBvg6edY,https://boardwalkplaza.com/dining/,38.7188715,-75.0765826,american_restaurant
DEb0bca37a1b,,,core,N.Y. Fried Chicken,,"1671 Pulaski Hwy #1453, Bear, DE 19701","19701,",Bear,New Castle County,newark_de,,,ChIJo46uIJ8Hx4kRmH2BAj-LX50,https://my-nyfc.com/,39.620098,-75.694223,chicken_restaurant
DEb29937dc2b,,,core,WINGS & THAI STATION,,"1700 Kirkwood Hwy A, Wilmington, DE 19805","19805,",Elsmere,New Castle County,new_castle_de,,,ChIJ39aW-Q79xokR6ivPkBiWHn0,https://www.wingsnthaistation.com/,39.738323199999996,-75.606146,thai_restaurant
DEb2f0d7b9c1,,,core,Delaware Dove Diner Restaurant,,"1101 N Dupont Hwy, New Castle, DE 19720","19720,",New Castle,New Castle County,new_castle_de,,,ChIJHydcCK0Dx4kRhjXeAD3GEpY,http://www.goldendoverestaurant.com/,39.688369,-75.583823,diner
DEb426c0df6f,,,core,Sharky's Grill,,"1508 Coastal Hwy, Dewey Beach, DE 19971","19971,",Dewey Beach,Sussex County,dewey_beach,,,ChIJu0ksjhy2uIkRG4fBK7XCH38,http://www.thesharkysgrill.com/,38.691618999999996,-75.07441299999999,breakfast_restaurant
DEb43eae8301,,,core,The Hideout Arcade Bar & Grille,,"18693 Coastal Hwy, Rehoboth Beach, DE 19971","19971,",Rehoboth Beach,Sussex County,rehoboth_beach,,,ChIJtyoDEK23uIkRgkQ_kRG27Gk,https://www.hideoutarcadebar.com/,38.7355687,-75.1386217,bar_and_grill
DEb454d2d279,,,core,Ugly Dumpling,,"140 E Main St, Newark, DE 19711","19711,",Main Street,New Castle County,newark_de,,,ChIJ5xQZPg-rx4kROG5ALVkIxfo,http://uglydumpling.us/newark-de/,39.683698799999995,-75.74759689999999,chinese_restaurant
DEb4816b0585,,,core,Claymont Steak Shop,,"3526 Philadelphia Pike, Claymont, DE 19703","19703,",Claymont,New Castle County,new_castle_de,,,ChIJq6qqqprixokR1Uki1GW1TWk,https://claymontsteakshop.com/?y_source=1_Mjc3MzI0NjItNzE1LWxvY2F0aW9uLndlYnNpdGU%3D,39.802233,-75.45754099999999,american_restaurant
DEb50f9c9f2d,,,core,Wonder The Grove Newark,,"540 Grove Ln, Newark, DE 19711","19711,",Newark,New Castle County,newark_de,,,ChIJlfQZUwCrx4kRKTEU9iwqjJk,https://www.wonder.com/order/thegrove,39.6821227,-75.7335655,restaurant
DEb511151c02,,,core,James Street Tavern,,"2 W Market St, Newport, DE 19804","19804,",Little Italy,New Castle County,wilmington,,,ChIJj4G2sSICx4kRah_70a4yo6M,http://www.jstavern.com/,39.713644599999995,-75.6096216,bar_and_grill
DEb5253b3736,,,core,King Garden ( New Castle ) **NO ONLINE ORDERING**,,"1502 Beaver Brook Plaza, New Castle, DE 19720","19720,",New Castle,New Castle County,new_castle_de,,,ChIJWQOlrL4Hx4kRN0fNcze83AY,,39.6430557,-75.6247636,chinese_restaurant
DEb5517f74e3,,,core,V&M Bistro,,"1717 Marsh Rd, Wilmington, DE 19810","19810,",Little Italy,New Castle County,wilmington,,,ChIJi3QN8F_jxokRUSWdDWslIdU,http://www.vmbistro.com/,39.801330899999996,-75.5049677,italian_restaurant
DEb58414be31,,,core,KAJA ASIAN,,"18585 Coastal Hwy #23, Rehoboth Beach, DE 19971","19971,",Midway,Sussex County,rehoboth_beach,,,ChIJF0rVJj63uIkRWeXNYAWAOzk,http://kajaasian.com/,38.7373281,-75.13996139999999,asian_restaurant
DEb5df42d144,,,core,Porto-Fino Pizza & Restaurant,,"730 Ferry Cut Off St, New Castle, DE 19720","19720,",New Castle,New Castle County,new_castle_de,,,ChIJkQCR4HMDx4kRSo61Gy_t6Z0,https://porto-finopizza.com/,39.6638261,-75.56792279999999,restaurant
DEb6018e9c91,,,core,El Diablo Burritos,,"127 E Main St, Newark, DE 19711","19711,",Main Street,New Castle County,newark_de,,,ChIJxf4ViDqqx4kRC_qnExv449o,http://eldiabloburritos.com/,39.683281799999996,-75.7481397,southwestern_us_restaurant
DEb61fb1810b,,,core,Pinji's Cafe,,"1428 N Clayton St, Wilmington, DE 19806","19806,",Trolley Square,New Castle County,wilmington,,,ChIJdXnXORD9xokRdqXppAfEX48,https://www.pinjicafe.net/,39.7565877,-75.5615172,cafe
DEb64944d1a2,,,core,Kyushu Ramen and Dumplings House,,"4710 Limestone Rd, Wilmington, DE 19808","19808,",Pike Creek,New Castle County,hockessin_greenville,,,ChIJ4Tw9z9MBx4kR0jFFtUQN93g,https://kyushuramen.com/,39.739452,-75.6929189,japanese_restaurant
DEb6da747a41,,,core,Randazzo’s Trattoria,,"103 Patriot Dr, Middletown, DE 19709","19709,",Middletown,New Castle County,middletown_de,,,ChIJfW16aAChx4kRpXuY8v4hloQ,https://randazzosmot.com/,39.4392169,-75.7466008,italian_restaurant
DEb77d59d688,,,core,Crab Du Jour Cajun Seafood & Bar,,"2107 Concord Pike, Wilmington, DE 19803","19803,",Centreville,New Castle County,hockessin_greenville,,,ChIJJw_SZHr9xokRB2rX3DeHyyg,https://www.crabdujourwilmingtonde.com/,39.789842199999995,-75.5456048,seafood_restaurant
DEb78acb8ffc,,,core,Ashby Hospitality Group,,"108 W Main St, Newark, DE 19711","19711,",Main Street,New Castle County,newark_de,,,ChIJ7S9qFjKqx4kR1bzY4DwdgYs,https://www.ashby-hospitality.com/,39.683204599999996,-75.75600639999999,pub
DEb7d15f0565,,,core,First Watch,,"3660 Concord Pike, Wilmington, DE 19803","19803,",Greenville,New Castle County,hockessin_greenville,,,ChIJdTpaKAD9xokRANgo5Lgz8xM,https://www.firstwatch.com/locations/concord-pike/?utm_source=gbp-listing&utm_medium=organic&utm_campaign=gbp-listing&utm_content=concord-pike,39.8048815,-75.5496411,breakfast_restaurant
DEb824e64d10,,,core,Flavours Bowls & Rolls,,"3 S Orange St, Wilmington, DE 19801","19801,",Market Street,New Castle County,wilmington,,,ChIJKdOB3h_9xokRC8aVQ_QRNEE,https://online.skytab.com/85d3b625e902e05ff6e58f718d813bf9,39.737343599999996,-75.5547443,indian_restaurant
DEb84ec26ee0,,,core,Charcoal Pit,,"2600 Concord Pike, Wilmington, DE 19803","19803,",Centreville,New Castle County,hockessin_greenville,,,ChIJL3Mg2rz8xokRER6cU7DAz9A,http://charcoalpit.net/,39.7963722,-75.5476444,restaurant
DEb85c1b0818,,,core,Comegys Pub,,"210 N Union St #3437, Wilmington, DE 19805","19805,",Trolley Square,New Castle County,wilmington,,,ChIJwyAecHX9xokRlXe-QmfcdBc,https://www.facebook.com/p/Comegys-Pub-100039268432380/,39.7480927,-75.5734538,bar
DEb87fd4f5a6,,,core,The Lighthouse Dewey Beach,,"124 Dickinson Ave, Dewey Beach, DE 19971","19971,",Dewey Beach,Sussex County,dewey_beach,,,ChIJdzlZaR22uIkRvzCfmNVQHmU,http://www.lighthousedeweybeach.com/,38.6895403,-75.0763383,bar
DEb8badf8326,,,core,El Tapatio Mexican Restaurant,,"1700 Philadelphia Pike, Wilmington, DE 19809","19809,",Claymont,New Castle County,new_castle_de,,,ChIJLzWkjpzjxokRNw0OM_XZSio,http://eltapatiode.com/,39.7859846,-75.4762214,mexican_restaurant
DEb98d56a92b,,,core,First Watch,,"145 Grove Ln Ste 4, Newark, DE 19716","19716,",Newark,New Castle County,newark_de,,,ChIJjVz0GACrx4kR5VVvps9Qd10,https://www.firstwatch.com/locations/newark/?utm_source=gbp-listing&utm_medium=organic&utm_campaign=gbp-listing&utm_content=newark,39.6791627,-75.7352648,breakfast_restaurant
DEb9a7243795,,,core,La Fête,,"2530 Concord Pike, Wilmington, DE 19803","19803,",Greenville,New Castle County,hockessin_greenville,,,ChIJSUmL-nn9xokRn9T9CDc2vQQ,https://lafetedelaware.com/,39.7959196,-75.54776520000001,restaurant
DEb9a75eb340,,,core,First Watch,,"300 Buckley Ml Rd, Wilmington, DE 19807","19807,",Greenville,New Castle County,hockessin_greenville,,,ChIJ5c-YmZD9xokRzahCoVSgyfc,https://www.firstwatch.com/locations/barley-mill/?utm_source=gbp-listing&utm_medium=organic&utm_campaign=gbp-listing&utm_content=barley-mill,39.758743,-75.6019474,breakfast_restaurant
DEba10f45bd9,,,core,Constitution Yards,,"303 Justison St, Wilmington, DE 19801","19801,",Trolley Square,New Castle County,wilmington,,,ChIJ-5c-u2X9xokRJV-sAN_41C8,http://constitutionyards.com/,39.737178799999995,-75.55964589999999,beer_garden
DEba9114fb82,,,core,Mariachi Restaurant,,"14 Wilmington Ave, Rehoboth Beach, DE 19971","19971,",Rehoboth Avenue,Sussex County,rehoboth_beach,,,ChIJc3AQo262uIkR67LEYVq4yO0,http://mariachirehobothde.com/,38.715336099999995,-75.07737650000001,mexican_restaurant
DEbab216cfbb,,,core,Apex Bar & Grill,,"909 Orange St, Wilmington, DE 19801","19801,",Riverfront,New Castle County,wilmington,,,ChIJeT8QQED9xokRYeLflAKzc0U,,39.7456581,-75.5495511,restaurant
DEbb291d6c67,,,core,Eclipse Bistro,,"1020 N Union St, Wilmington, DE 19805","19805,",Trolley Square,New Castle County,wilmington,,,ChIJhZQuUAn9xokRHGykLumgraw,https://www.eclipsebistro.com/,39.755084,-75.568859,bistro
DEbbc0334a3c,,,core,Tipsea Taco,,"1808 Coastal Hwy, Dewey Beach, DE 19971","19971,",Coastal Highway,Sussex County,dewey_beach,,,ChIJ2bBzqj63uIkR_8n2Vro1PpI,https://tipseataco.com/,38.6941622,-75.07450659999999,restaurant
DEbc27efa11e,,,core,Cool J's AfterDARK,,"1857 Pulaski Hwy, Bear, DE 19701","19701,",Bear,New Castle County,newark_de,,,ChIJh8PlzpMHx4kRGEDnSClDgw0,http://www.cooljsafterdark.com/,39.6110547,-75.7074707,comedy_club
DEbc40408583,,,core,Crust & Craft,,"18701 Coastal Hwy, Rehoboth Beach, DE 19971","19971,",Rehoboth Beach,Sussex County,rehoboth_beach,,,ChIJFbDIKJy3uIkRDVYzsM8BDJA,https://www.crustandcraftrehoboth.com/?utm_source=google&utm_medium=organic&utm_campaign=gbp,38.7349849,-75.1373095,pizza_restaurant
DEbc79093756,,,core,Drift Seafood & Raw Bar,,"42 1/2, Baltimore Ave, Rehoboth Beach, DE 19971","19971,",Rehoboth Avenue,Sussex County,rehoboth_beach,,,ChIJM9V-d123uIkRTNo65ofJ8aM,http://driftrb.com/,38.7169429,-75.0803049,seafood_restaurant
DEbc96f7f8d1,,,core,DE.CO Food Hall,,"111 W 10th St, Wilmington, DE 19801","19801,",Trolley Square,New Castle County,wilmington,,,ChIJz083bKj9xokRWdKL9qCN1jo,https://decowilmington.com/,39.7461556,-75.54884679999999,restaurant
DEbcf5968f87,,,core,K & R International Restaurant & Bar,,"412 N Dupont St, Wilmington, DE 19805","19805,",Trolley Square,New Castle County,wilmington,,,ChIJ01hmqEn9xokRBIrGwSzZGjY,,39.748158499999995,-75.5690267,restaurant
DEbd79a44574,,,core,Wheelhouse,,"7 Anglers Rd, Lewes, DE 19958","19958,",Second Street,Sussex County,lewes,,,ChIJnQcIf0u3uIkRod6WxX26vJk,https://www.wheelhousede.com/,38.7764488,-75.1377491,bar_and_grill
DEbe21ef6d35,,,core,Sushi Yama,,"572 W Main St, Middletown, DE 19709","19709,",Middletown,New Castle County,middletown_de,,,ChIJwXhc6Wygx4kRxLimiDw0N6I,https://sushiyamadelaware.com/,39.447238999999996,-75.7291669,sushi_restaurant
DEbe3587798e,,,core,Blackwall Barn & Lodge Wilmington,,"3250 Ave N Blvd, Wilmington, DE 19803","19803,",Greenville,New Castle County,hockessin_greenville,,,ChIJBZIGJcr9xokRHeukXq_Re1E,https://www.barnandlodge.com/wilmington/,39.7875813,-75.5476316,restaurant
DEbe77e5ebc0,,,core,Breakfast Guru Restaurant & Bar,,"19 Wilmington Ave, Rehoboth Beach, DE 19971","19971,",Rehoboth Avenue,Sussex County,rehoboth_beach,,,ChIJvxWjSR-3uIkRnx0I4WpvbTw,http://breakfast-guru.com/,38.7156753,-75.0780029,breakfast_restaurant
DEbe9c9f200e,,,core,Bluecoast Seafood Grill & Raw Bar Rehoboth,,"30115 Veterans Way, Rehoboth Beach, DE 19971","19971,",Rehoboth Beach,Sussex County,rehoboth_beach,,,ChIJ56msfTW2uIkRdyKYZ5MEqIQ,https://www.bluecoastrehoboth.com/?utm_source=google&utm_medium=organic&utm_campaign=gbp,38.7132959,-75.1054382,seafood_restaurant
DEbf57878d36,,,core,Casa Puebla Restaurante,,"711 Ace Memorial Dr, Hockessin, DE 19707","19707,",Hockessin,New Castle County,hockessin_greenville,,,ChIJ__rHOHz_xokRiVDeTACTGz8,http://casapueblarestaurante.com/,39.793703799999996,-75.709098,mexican_restaurant
DEc029036960,,,core,Colorful Yun Nan,,"59 E Main St, Newark, DE 19711","19711,",Main Street,New Castle County,newark_de,,,ChIJLW_AWPOrx4kRlZKCVsJBL4Q,https://www.colorfulyunnanorder.com/,39.6830978,-75.7509725,chinese_restaurant
DEc03244dbee,,,core,CS Brazilian Steakhouse,,"600 Center Blvd S, Newark, DE 19702","19702,",Christiana,New Castle County,newark_de,,,ChIJufpt-Tuqx4kRVg3A2l82plA,https://eatsteaks.com/?utm_source=google,39.674884999999996,-75.64893500000001,brazilian_restaurant
DEc037825d1b,,,core,The Grille at the Sands,,"101 N Boardwalk, Rehoboth Beach, DE 19971","19971,",Rehoboth Beach boardwalk,Sussex County,rehoboth_beach,,,ChIJlfc_omm2uIkRl003OXwMUKI,,38.717967,-75.0766345,seafood_restaurant
DEc076f7c64a,,,core,Valle Cucina,,"4752 Limestone Rd, Wilmington, DE 19808","19808,",Hockessin,New Castle County,hockessin_greenville,,,ChIJLbEIZh8Ax4kROr7LIxBBhfI,http://www.vallecucina.com/,39.7406399,-75.691817,italian_restaurant
DEc0781bf5f5,,,core,Casa 19 Kitchen & Bar,,"1100 St Anne's Blvd, Middletown, DE 19709","19709,",Middletown,New Castle County,middletown_de,,,ChIJzQ4L9fKfx4kRZ6T6pa_KFU0,https://www.casaxix.com/,39.4198905,-75.733424,restaurant
DEc0a730a4c6,,,core,Oath ‘84,,"902 N Market St, Wilmington, DE 19801","19801,",Market Street,New Castle County,wilmington,,,ChIJ5zJXLAD9xokRcc0vfY2wAKk,https://www.oath84.com/,39.7449531,-75.5479812,american_restaurant
DEc0cb9ea77f,,,core,Karkinos Crabss,,"1967 Pulaski Hwy, Bear, DE 19701","19701,",Bear,New Castle County,newark_de,,,ChIJHbJ1620Hx4kRp4jRj0K8YhE,http://karkinoscrabs.com/,39.6092635,-75.7116788,seafood_restaurant
DEc1097cdd42,,,core,The Quoin Restaurant,,"Left Side, 519 N Market St, Wilmington, DE 19801","19801,",Market Street,New Castle County,wilmington,,,ChIJGYu_62j9xokRBw_Ry4-bCqk,https://thequoinhotel.com/restaurant?utm_source=Google&utm_medium=Local+Search+Restaurant&utm_campaign=Google+My+Business&utm_id=The+Quoin+Restaurant,39.7418838,-75.5506375,restaurant
DEc19ff743ca,,,core,The Crabcake Company,,"402 S Ridge Ave, Middletown, DE 19709","19709,",Middletown,New Castle County,middletown_de,,,ChIJ5QjgS5AKx4kRvOryCTAMBSU,https://mycrabcakecompany.com/?utm_source=google,39.4487887,-75.7325434,seafood_restaurant
DEc1f8d8d078,,,core,Basil Bar & Grill,,"422 Delaware Ave, Wilmington, DE 19801","19801,",Trolley Square,New Castle County,wilmington,,,ChIJ_1NiUxX9xokRqY_JZLKrBuU,http://www.sheratonsuiteswilmington.com/restaurant-in-wilmington-de,39.7472414,-75.5513301,american_restaurant
DEc231ddf006,,,core,"La Tonalteca - Christiana, DE",,"1237 Churchmans Rd, Newark, DE 19713","19713,",Christiana,New Castle County,newark_de,,,ChIJGxkAWhsBx4kR69wxcfJVOJk,https://latonalteca.com/restaurant/christiana/,39.6908556,-75.6603488,mexican_restaurant
DEc256cb185f,,,core,Applebee's Grill + Bar,,"900 Churchmans Rd, Newark, DE 19713","19713,",Newark,New Castle County,newark_de,,,ChIJqyWTqRoBx4kRKOAp16xpxSE,https://restaurants.applebees.com/en-us/de/newark/900-churchmans-road-94047?utm_source=google&utm_medium=organic&utm_campaign=google_my_business&utm_term=94047&utm_content=website,39.6893007,-75.6557681,restaurant
DEc280d6221d,,,core,Back Porch Café,,"59 Rehoboth Ave, Rehoboth Beach, DE 19971","19971,",Rehoboth Avenue,Sussex County,rehoboth_beach,,,ChIJmekzyG62uIkRqLjB4mYg0xU,http://www.backporchcafe.com/,38.7167044,-75.0783697,french_restaurant
DEc2b7aa6d78,,,core,Farm A Sea Bistro & Crafthouse,,"56 S Old Baltimore Pike, Newark, DE 19702","19702,",Christiana,New Castle County,newark_de,,,ChIJN_4NEisBx4kRuHrPQL38GFc,https://www.marriott.com/hotels/hotel-information/restaurant/ilgfp-four-points-newark-christiana-wilmington/,39.662635,-75.6637208,bistro
DEc2c64744b6,,,core,Bertucci's Italian Restaurant,,"201 W Main St, Newark, DE 19702","19702,",Newark,New Castle County,newark_de,,,ChIJu1VVVUWox4kRlbEnwENcA9s,https://www.bertuccis.com/locations/christiana/?y_source=1_OTkwNTgwMC03MTUtbG9jYXRpb24ud2Vic2l0ZQ%3D%3D,39.6690245,-75.6641333,italian_restaurant
DEc2e120b082,,,core,Pithari,,"1 W Main St, Middletown, DE 19709","19709,",Middletown,New Castle County,middletown_de,,,ChIJbx1yrQ-hx4kRSYBFSuahBEI,http://www.pitharimc.com/,39.4498646,-75.7169694,mediterranean_restaurant
DEc3e0dd024b,,,core,Noah's Ark Kebab & Gyro (Halal),,"1257 Churchmans Rd, Newark, DE 19713","19713,",Christiana,New Castle County,newark_de,,,ChIJ81knm-YBx4kR-g_V2Da-jAs,https://www.noahsarkkebab.com/,39.6913146,-75.6616066,restaurant
DEc416b1815a,,,core,Maestro Taste,,"707 Pulaski Hwy #104, Bear, DE 19701","19701,",Bear,New Castle County,newark_de,,,ChIJtT4XDC8Hx4kRDlsA4iZFQOc,http://maestrotaste.com/,39.646222699999996,-75.63753299999999,restaurant
DEc46bc95585,,,core,1937 Brewing Co,,"777 Delaware Park Blvd, Wilmington, DE 19804","19804,",Trolley Square,New Castle County,wilmington,,,ChIJFw57m6IBx4kRuGfFmZa_Jmg,https://delawarepark.com/dining/brewing/,39.7040521,-75.670391,brewery
DEc556fd4dac,,,core,Springtown cafe,,"1313 N Market St, Wilmington, DE 19801","19801,",Market Street,New Castle County,wilmington,,,ChIJB_YoUFL9xokR3SH5o7h8PPQ,,39.7485772,-75.5462987,cafeteria
DEc5980eef85,,,core,Thrasher's French Fries,,"434-502 N Boardwalk, Rehoboth Beach, DE 19971","19971,",Rehoboth Beach boardwalk,Sussex County,rehoboth_beach,,,ChIJFebYiG62uIkRQNF56-F2yZ0,https://thrashersfries.com/,38.715548299999995,-75.0760191,fast_food_restaurant
DEc5d692f92b,,,core,Stanley's Tavern,,"2038 Foulk Rd, Wilmington, DE 19810","19810,",Claymont,New Castle County,new_castle_de,,,ChIJ4bVzXbzkxokR6QBeglzJAcc,https://www.stanleys-tavern.com/,39.8165808,-75.507153,american_restaurant
DEc667a1b050,,,core,Mexican Table,,"7288 Lancaster Pike, Hockessin, DE 19707","19707,",Hockessin,New Castle County,hockessin_greenville,,,ChIJqXs9kqD_xokRF2DgcC751IE,http://mexicantablerestaurant.com/,39.7871958,-75.69294169999999,mexican_restaurant
DEc68619870c,,,core,Chili's Grill & Bar,,"3220 Fashion Center Blvd, Newark, DE 19702","19702,",Newark,New Castle County,newark_de,,,ChIJj7P1fDkBx4kRsIKXlsCmwv0,https://www.chilis.com/locations/us/delaware/newark/christiana?utm_source=google&utm_medium=local&utm_campaign=Chilis,39.67170000000001,-75.64961,american_restaurant
DEc6c348ab69,,,core,Home Grown Cafe,,"126 E Main St, Newark, DE 19711","19711,",Main Street,New Castle County,newark_de,,,ChIJOW7lhzqqx4kRh4dq0iyVZzA,http://www.homegrowncafe.com/,39.683577899999996,-75.74798,american_restaurant
DEc750c07f72,,,core,The Surfing Crab Restaurant and Bar,,"16723 Coastal Hwy, Lewes, DE 19958","19958,",Lewes,Sussex County,lewes,,,ChIJXxS80Am5uIkRPO3oCPUxRn8,http://www.thesurfingcrab.com/,38.757205,-75.196159,restaurant
DEc785368e42,,,core,Woody's Dewey Beach,,"1904 Coastal Hwy, Dewey Beach, DE 19971","19971,",Dewey Beach,Sussex County,dewey_beach,,,ChIJweRXbhu2uIkRRY2j_do_k0c,https://deweybeachbar.com/,38.694925999999995,-75.074837,bar_and_grill
DEc79b1546a5,,,core,Squisito Pizza & Pasta - Christiana,,"3256 Fashion Center Blvd, Newark, DE 19702","19702,",Christiana,New Castle County,newark_de,,,ChIJYeStKLYBx4kRVvRYdO7gYs4,https://www.squisitopizzaandpasta.com/,39.6712051,-75.6486525,pizza_restaurant
DEc7ac5e04b2,,,core,Hunan Asian Restaurant (DINE IN +TAKE OUT),,"1812 Marsh Rd, Wilmington, DE 19810","19810,",Claymont,New Castle County,new_castle_de,,,ChIJZeTLyqHkxokRWW1Mn-HnIvk,http://www.asianhunan.com/,39.8051027,-75.5060985,chinese_restaurant
DEc80f0b0062,,,core,Tipiski,,"313 Virginia Ave, Wilmington, DE 19805","19805,",Elsmere,New Castle County,new_castle_de,,,ChIJO0x3Rnz9xokR8Tdfw_N71AY,,39.7409193,-75.619052,bar
DEc909151729,,,core,Applebee's Grill + Bar,,"1600 Rocky Run Pkwy, Wilmington, DE 19803","19803,",Centreville,New Castle County,hockessin_greenville,,,ChIJc7QK3ED7xokRCEupReXdf7k,https://restaurants.applebees.com/en-us/de/wilmington/1600-rocky-run-pkwy.-98072?utm_source=google&utm_medium=organic&utm_campaign=google_my_business&utm_term=98072&utm_content=website,39.825096699999996,-75.5462751,restaurant
DEca7dd4c2bc,,,core,Rigby's Bar & Grill,,"404 Rehoboth Ave, Rehoboth Beach, DE 19971","19971,",Rehoboth Beach,Sussex County,rehoboth_beach,,,ChIJx1pIFUG2uIkRz370cNFmHCE,http://www.rigbysrehoboth.com/,38.715024299999996,-75.08901519999999,bar_and_grill
DEcb141bbe52,,,core,Lavish De 302,,"1712 Lovering Ave, Wilmington, DE 19806","19806,",Union Street,New Castle County,wilmington,,,ChIJhxJPYgD9xokR8p1i_2B9RfM,,39.7600019,-75.5599215,soul_food_restaurant
DEcb45c57969,,,core,The Highlands,,"1100 St Anne's Blvd, Middletown, DE 19709","19709,",Middletown,New Castle County,middletown_de,,,ChIJmVjSdgCfx4kR_xRcJi8D93Y,https://thestannesclub.com/middletown-the-st-anne-s-club-the-st-anne-s-club-highlands,39.4197668,-75.73347199999999,bar
DEcc757f40ad,,,core,Stumpy's Hatchet House-Axe Throwing bar,,"819 Middletown Warwick Rd, Middletown, DE 19709","19709,",Middletown,New Castle County,middletown_de,,,ChIJGWHkJ1Chx4kR3oYSv5vbMV8,https://stumpyshh.com/middletownde/,39.4434585,-75.7442932,bar
DEcc7b3451b2,,,core,Chuck Lager Legendary Kitchen,,"4500 Linden Hill Rd, Wilmington, DE 19808","19808,",Hockessin,New Castle County,hockessin_greenville,,,ChIJ79inZAkBx4kR1EorguSkNf8,http://www.chucklager.com/,39.7387699,-75.6883218,restaurant
DEccfe997995,,,core,The Sikar Cigar Lounge,,"1624 Delaware Ave, Wilmington, DE 19806","19806,",Trolley Square,New Castle County,wilmington,,,ChIJ6RDhBHb9xokRPgA96xLUp6g,https://www.facebook.com/SikarLounge/,39.757672,-75.562568,store
DEcd1fb9e73c,,,core,Kaiser,,"718 N Market St, Wilmington, DE 19801","19801,",Trolley Square,New Castle County,wilmington,,,ChIJFW1CVLX9xokRNcc8yejdtdM,,39.743017,-75.54919,bar
DEcd78eb16e4,,,core,JAKL Beer Works,,"128 Patriot Dr Suites 11 and 12, Middletown, DE 19709","19709,",Centreville,New Castle County,hockessin_greenville,,,ChIJZwqAOQShx4kR-ZtomGqvees,http://www.jaklbeerworks.com/,39.4343023,-75.7535321,brewery
DEcdaaf5938a,,,core,Casa Kahlo - Mexican Grill & Bar,,"203 Newark Shopping Ctr, Newark, DE 19711","19711,",Newark,New Castle County,newark_de,,,ChIJ13ZKMjGrx4kRVbNBq98Vzxc,https://casakahlomexicangrillandbar.com/,39.6846931,-75.7434018,mexican_restaurant
DEcdda3fde5c,,,core,Bellefonte Brewing Company,,"3605 Old Capitol Trl c8, Wilmington, DE 19808","19808,",Trolley Square,New Castle County,wilmington,,,ChIJcfZPliHjxokRQNfnwpiTUw4,https://bellefontebrewingcompany.com/,39.7306269,-75.6339948,brewery
DEcf2cd92c87,,,core,Touch Of Italy Rehoboth,,"19724 Coastal Hwy, Rehoboth Beach, DE 19971","19971,",Rehoboth Beach,Sussex County,rehoboth_beach,,,ChIJSwrvBLW3uIkRU6XhNb-mEb0,http://touchofitalyrehoboth.com/,38.716499999999996,-75.112533,italian_restaurant
DEcfc7c9decb,,,core,Taco Grande,,"600 Justison St, Wilmington, DE 19801","19801,",Riverfront,New Castle County,wilmington,,,ChIJQRxa1C79xokRPLqKznHc1g4,http://www.tacogrande.com/,39.733834699999996,-75.56035539999999,restaurant
DEd0fe6a73fe,,,core,Zollies Jazz Cucina,,"414 Delaware St Historic, New Castle, DE 19720","19720,",New Castle,New Castle County,new_castle_de,,,ChIJF45yMGIDx4kRUibaD1ZbKf4,https://zolliesjazzcucina.com/,39.6608032,-75.5654481,restaurant
DEd14a6bb4f8,,,core,Mulrooney's Tavern,,"201 New Rd, Wilmington, DE 19805","19805,",Trolley Square,New Castle County,wilmington,,,ChIJnd9ZNYX9xokRy1z_YUQCdec,,39.741258300000005,-75.58434489999999,irish_pub
DEd22972d418,,,core,Tokyo Steakhouse | Japanese • Sushi,,"17906 Coastal Hwy, Lewes, DE 19958","19958,",Savannah Road,Sussex County,lewes,,,ChIJC8WDDda5uIkRPyHJQoiKkqY,http://tokyosteakhouse.info/,38.747414,-75.159994,restaurant
DEd23e097e93,,,core,Grotto Pizza,,"1509 Coastal Hwy, Dewey Beach, DE 19971","19971,",Coastal Highway,Sussex County,dewey_beach,,,ChIJu0ksjhy2uIkR4HddtPNU4wk,http://www.grottopizza.com/,38.6916232,-75.0748917,pizza_restaurant
DEd2a34ce822,,,core,Hooters,,"2601 Capitol Tr, Newark, DE 19711","19711,",Newark,New Castle County,newark_de,,,ChIJYSSciWA0joAR_sgHd6gnnpc,https://www.hooters.com/locations/32716-newark?utm_source=google&utm_medium=organic&utm_campaign=gmb-website-cta-newark-de-newark,39.7060141,-75.6867856,sports_bar
DEd3e9422996,,,core,Cantwell's Tavern,,"109 Main St, Odessa, DE 19730","19730,",Delaware City,New Castle County,new_castle_de,,,ChIJmeSILgYLx4kRTzFYuHh-qPc,https://www.cantwells-tavern.com/,39.4541682,-75.6563797,american_restaurant
DEd434514d70,,,core,Ava's Pizzeria & Wine Bar - Rehoboth Beach,,"29 Baltimore Ave, Rehoboth Beach, DE 19971","19971,",Rehoboth Avenue,Sussex County,rehoboth_beach,,,ChIJEx2MLnK3uIkRgr1OfujlidE,https://avaspizzeria.com/,38.7173549,-75.0792515,restaurant
DEd4474327c1,,,core,DiFebo’s Restaurant Rehoboth,,"12 N 1st St, Rehoboth Beach, DE 19971","19971,",Rehoboth Avenue,Sussex County,rehoboth_beach,,,ChIJzSHuLWm2uIkRLvRmNGLbY2M,http://difebos.com/,38.717097200000005,-75.0789382,italian_restaurant
DEd487702e72,,,core,Sid's at C26 - BBQ & Jerky,,"950 Ridge Rd Ste C26, Claymont, DE 19703","19703,",Claymont,New Castle County,new_castle_de,,,ChIJXRbXpfflxokROGfIATFD_JY,https://www.sidsbbqandjerky.com/,39.8138741,-75.4408495,barbecue_restaurant
DEd565dd3c84,,,core,Market Kitchen & Bar,,"100 Continental Dr, Newark, DE 19713","19713,",Newark,New Castle County,newark_de,,,ChIJd30MjhoBx4kRbMRkIpS-AOk,https://hiltonchristiana.com/dining/market-kitchen-bar/,39.688012799999996,-75.6565947,american_restaurant
DEd61ac7f82d,,,core,Sunday's Cafe 64,,"900 5th St, Delaware City, DE 19706","19706,",Delaware City,New Castle County,new_castle_de,,,ChIJ__9bsvQFx4kRI3Zl6XLyb9E,https://www.sundayscafe64.com/,39.5753738,-75.5977235,restaurant
DEd63550c798,,,core,The Flava House,,"18 Salem Village Square, Newark, DE 19713","19713,",Newark,New Castle County,newark_de,,,ChIJ73NOgNABx4kR8Yus4NPNXRs,http://theflavahousede.com/,39.6677332,-75.6952779,bar
DEd696238da8,,,core,Nicks Philadelphia Cheese Steaks & Gyros,,"1800 Coastal Hwy, Dewey Beach, DE 19971","19971,",Coastal Highway,Sussex County,dewey_beach,,,ChIJGcR8nhy2uIkR0jYOkrLbPac,http://www.nicksphilly.com/,38.693959199999995,-75.07450469999999,steak_house
DEd6f08f06ab,,,core,La Casa Pasta Restaurant,,"120 Four Seasons Pkwy, Newark, DE 19702","19702,",Christiana,New Castle County,newark_de,,,ChIJT6jv61Oox4kRSIYOdYAV_aE,https://www.lacasapasta.com/,39.6248946,-75.74505309999999,restaurant
DEd798591919,,,core,Matt's Fish Camp Lewes,,"34401 Tenley Court,, Lewes, DE 19958","19958,",Second Street,Sussex County,lewes,,,ChIJ12EgGX-3uIkRwTdElZ2dPow,https://www.mattsfishcamplewes.com/?utm_source=google&utm_medium=organic&utm_campaign=gbp,38.7421158,-75.15013309999999,seafood_restaurant
DEd7a6e46b80,,,core,Little Vinnie's Pizza & Pasta,,"1706 Faulkland Rd, Wilmington, DE 19805","19805,",Little Italy,New Castle County,wilmington,,,ChIJ2X-AkeX9xokRbb4UxZDyS98,http://www.littlevinniespizza.com/,39.7470205,-75.6116241,italian_restaurant
DEd7e9ec48e8,,,core,Lettie's Kitchen,,"1318 Old Lancaster Pike, Hockessin, DE 19707","19707,",Hockessin,New Castle County,hockessin_greenville,,,ChIJ6wAaVnb_xokR89glQvhMpdA,http://www.lettieskitchen.com/,39.7884946,-75.6988841,american_restaurant
DEd8325476cf,,,core,Bardea Food & Drink,,"620 N Market St, Wilmington, DE 19801","19801,",Trolley Square,New Castle County,wilmington,,,ChIJK2RXgxv9xokRUH8RnD0mS8I,https://www.bardeafoodanddrink.com/,39.7424927,-75.5496883,american_restaurant
DEd8fc8d89ff,,,core,HALAL TASTE,,"1400A N Dupont Hwy, New Castle, DE 19720","19720,",New Castle,New Castle County,new_castle_de,,,ChIJk-iu1DoDx4kR-nTHG_Dv3pA,,39.6888939,-75.58175039999999,halal_restaurant
DEd91a4ae8f9,,,core,Sakura Japanese Restaurant,,"4713 Kirkwood Hwy, Wilmington, DE 19808","19808,",Pike Creek,New Castle County,hockessin_greenville,,,ChIJla7yAKsBx4kRZNQ2eyYgHsE,http://sakurasushide.com/,39.722912099999995,-75.6620611,japanese_restaurant
DEd972e6d264,,,core,Bramble & Brine at the Buttery,,"102 2nd St, Lewes, DE 19958","19958,",Second Street,Sussex County,lewes,,,ChIJB8HVssW3uIkRw0WKffg1GTE,https://www.megancollective.com/location/bramble-brine-and-pink-pony/,38.7747963,-75.1389181,restaurant
DEd98fcdfa36,,,core,Rackers,,"1232 Capitol Tr, Newark, DE 19711","19711,",Main Street,New Castle County,newark_de,,,ChIJJb2gLIMAx4kRG9DbH7-ywCI,https://www.facebook.com/RackersNewark/,39.696595699999996,-75.71061399999999,bar
DEd9efac74f0,,,core,Playa Bowls,,"220 Rehoboth Ave, Rehoboth Beach, DE 19971","19971,",Rehoboth Beach boardwalk,Sussex County,rehoboth_beach,,,ChIJaVIGkL63uIkRCDG8pndvDTk,https://www.playabowls.com/location/rehoboth,38.7157309,-75.0827159,restaurant
DEda2aa9a3d9,,,core,Crossroads Restaurant,,"4579 Kirkwood Hwy, Wilmington, DE 19808","19808,",Glasgow,New Castle County,newark_de,,,ChIJ4Xi-3cgBx4kRoJYWcAAoKZs,http://crossroadsdelaware.com/,39.7244694,-75.6581583,family_restaurant
DEda38bf92b2,,,core,Cafe Pink Blossom,,"18226 Coastal Hwy, Lewes, DE 19958","19958,",Second Street,Sussex County,lewes,,,ChIJUYAOOci3uIkR5vm_zVKT-3w,http://cafepinkblossom.com/,38.742784,-75.15123179999999,breakfast_restaurant
DEda8fb7cd8e,,,core,Mama Maria's Restaurant and Beach Bar,,"1608 DE-1, Dewey Beach, DE 19971","19971,",Dewey Beach,Sussex County,dewey_beach,,,ChIJb39_khy2uIkR_WUrySkDjhI,http://www.mamamaria.com/,38.692623999999995,-75.0746092,restaurant
DEdacc51580f,,,core,Touch of Italy,,"101 2nd St, Lewes, DE 19958","19958,",Second Street,Sussex County,lewes,,,ChIJE6BqO0y3uIkRGOZqms_KQ1g,http://touchofitalylewes.com/,38.775037999999995,-75.13861800000001,italian_restaurant
DEdb8863aaae,,,core,"Snuff Mill Restaurant, Butchery & Wine Bar",,"1601 Concord Pike Ste 77-79, Wilmington, DE 19803","19803,",Trolley Square,New Castle County,wilmington,,,ChIJmYLcFUz9xokRu6IjD7zYiA0,http://www.snuffmillbutchery.com/,39.7803659,-75.5438003,restaurant
DEdbad99cd98,,,core,La Matesina Pizza Pasta,,"504 5th St, Delaware City, DE 19706","19706,",Delaware City,New Castle County,new_castle_de,,,ChIJtyxGAosFx4kRdVwDl9xsEow,https://lamatesinapizzaandpasta.com/,39.5733684,-75.5951116,pizza_restaurant
DEdbbcfdbdb0,,,core,Kozy Korner Restaurant,,"906 N Union St, Wilmington, DE 19805","19805,",Greenville,New Castle County,hockessin_greenville,,,ChIJG2Ds6Qv9xokRtd5V5BjWOZg,http://www.kozykorner-restaurant.com/,39.753614299999995,-75.5697307,breakfast_restaurant
DEdc1634a7db,,,core,Wings To Go - Glasgow,,"940 Peoples Plaza, Newark, DE 19702","19702,",Glasgow,New Castle County,newark_de,,,ChIJtX4pJ2-ox4kRrMuc3JLP-9s,http://wingstogode.com/,39.6016152,-75.7479832,chicken_wings_restaurant
DEdc1b4ff531,,,core,Sinclair's Cafe Ltd,,"177 E Main St, Newark, DE 19711","19711,",Main Street,New Castle County,newark_de,,,ChIJ_cZWqjuqx4kRNWlgtMUdpcA,,39.683434999999996,-75.745828,breakfast_restaurant
DEdc2befac1e,,,core,Tommy's Tavern + Tap,,"315 Christiana Mall, Newark, DE 19702","19702,",Christiana,New Castle County,newark_de,,,ChIJx0PJayMBx4kREbon5i0prbk,https://www.tommystavernandtap.com/tommystaverntap-delaware,39.679400699999995,-75.65351299999999,restaurant
DEdc98b73895,,,core,Dogfish Head Brewings & Eats,,"320 Rehoboth Ave, Rehoboth Beach, DE 19971","19971,",Rehoboth Beach,Sussex County,rehoboth_beach,,,ChIJlzc-nEG2uIkRI-eiJxxxIuo,https://www.dogfish.com/visit/brewings-and-eats,38.715275999999996,-75.0872424,brewpub
DEdd1ee4fc31,,,core,Hideaway Bar & Grill,,"2619 Ebright Rd, Wilmington, DE 19810","19810,",Trolley Square,New Castle County,wilmington,,,ChIJ5eL_AsPkxokRZuOGzioYgqE,https://www.facebook.com/hideawaybarandgrill/,39.8335085,-75.5220375,bar_and_grill
DEdd50b06d28,,,core,Frog Hollow Golf Club,,"1 E Whittington Way, Middletown, DE 19709","19709,",Middletown,New Castle County,middletown_de,,,ChIJqy10pn8Kx4kRZtp-HR22MRc,http://www.froghollowgolfclub.com/,39.466443999999996,-75.7102283,sports_club
DEdddef8b431,,,core,Urban Kitchen,,"3228 Kirkwood Hwy, Wilmington, DE 19808","19808,",Union Street,New Castle County,wilmington,,,ChIJVV7NsXIBx4kR2X4bPsvQZGU,https://www.urbankitchende.com/,39.7352571,-75.6243085,restaurant
DEde16e4ca63,,,core,Kiwi's Tiki Hut,,"101 N Boardwalk, Rehoboth Beach, DE 19971","19971,",Rehoboth Beach boardwalk,Sussex County,rehoboth_beach,,,ChIJUZCzCiq3uIkRh70zqKLLLWc,https://kiwisrb.com/,38.717967,-75.0766345,restaurant
DEde62bf3a1b,,,core,Palm Beach Bar & Grill,,"DE-1, Rehoboth Beach, DE 19971","19971,",Midway,Sussex County,rehoboth_beach,,,ChIJLbBwdQC3uIkRD4Zl09L6M64,,38.70702130000001,-75.0892338,restaurant
DEde79fdee23,,,core,Apexx Lounge,,"913 Orange St, Wilmington, DE 19801","19801,",Trolley Square,New Castle County,wilmington,,,ChIJq6pWFUD9xokR1EvHqvyT7DY,https://apexxde.com/,39.745719699999995,-75.5495274,bar_and_grill
DEdf3967948b,,,core,L&G Soul Food,,"317 S Dupont Hwy, New Castle, DE 19720","19720,",New Castle,New Castle County,new_castle_de,,,ChIJc7XbaQAHx4kRIYherXMKhn4,http://l-gsoulfood.com/,39.650053799999995,-75.6214315,restaurant
DEdff6e96eff,,,core,Crystal Restaurant,,"37300 Rehoboth Ave Ext #1, Rehoboth Beach, DE 19971","19971,",Rehoboth Avenue,Sussex County,rehoboth_beach,,,ChIJA77z4ka2uIkRg-ZUQClG3jI,,38.713603,-75.095176,brunch_restaurant
DEe00b0e085c,,,core,Añejo Mexican Grill & Tequila Bar,,"1717 Delaware Ave #1, Wilmington, DE 19806","19806,",Trolley Square,New Castle County,wilmington,,,ChIJtd_C-A_9xokReifDmbtheFw,http://www.anejode.com/,39.758688,-75.56292289999999,bar_and_grill
DEe016563850,,,core,Sullivan's Steakhouse,,"5525 Concord Pike, Wilmington, DE 19803","19803,",Centreville,New Castle County,hockessin_greenville,,,ChIJhx-h2zv7xokRrBPvVAz049o,https://sullivanssteakhouse.com/wilmington/,39.8331338,-75.5426292,steak_house
DEe0af02cae3,,,core,Anthony's Coal Fired Pizza & Wings,,"4805 Limestone Rd, Wilmington, DE 19808","19808,",Pike Creek,New Castle County,hockessin_greenville,,,ChIJfZ-oqx8Ax4kREYDKLkXuiwg,https://acfp.com/location/pike-creek/,39.742895399999995,-75.69239139999999,pizza_restaurant
DEe10d96271f,,,core,The Riverfront Asian Cuisine & Bar,,"936 Justison St, Wilmington, DE 19801","19801,",Riverfront,New Castle County,wilmington,,,ChIJpdevpcf9xokRPbeqkmO5wFY,https://riverfrontde.com/?utm_source=google,39.7293028,-75.56176359999999,thai_restaurant
DEe148aeb50d,,,core,Claymont Steak Shop,,"2720 Concord Pike, Wilmington, DE 19803","19803,",Claymont,New Castle County,new_castle_de,,,ChIJMR991bz8xokRpKPD9WnKql4,https://claymontsteakshop.com/?y_source=1_Mjc3MzIyODUtNzE1LWxvY2F0aW9uLndlYnNpdGU%3D,39.797118,-75.547944,american_restaurant
DEe14a2d36af,,,core,Playa Bowls,,"4837 Limestone Rd, Wilmington, DE 19808","19808,",Pike Creek,New Castle County,hockessin_greenville,,,ChIJO9XfrL0Bx4kRla4GGiKXRyQ,https://www.playabowls.com/location/pike-creek,39.7431556,-75.6925298,restaurant
DEe14e137418,,,core,Middletown Diner,,"5240 Summit Bridge Rd, Middletown, DE 19709","19709,",Middletown,New Castle County,middletown_de,,,ChIJjcJawIagx4kRo3E88eVL7iA,http://www.middletowndiner.com/,39.4652935,-75.7221816,diner
DEe1ac956a08,,,core,Harpers Asian Bistro,,"228 Lantana Dr, Hockessin, DE 19707","19707,",Hockessin,New Castle County,hockessin_greenville,,,ChIJr6hm4H3_xokRWFbN1SUaBxg,https://harpersbistro.com/,39.7747157,-75.7092162,asian_restaurant
DEe1b76b29b4,,,core,Crab Du Jour Cajun Seafood & Bar,,"1000 Churchmans Rd, Newark, DE 19713","19713,",Newark,New Castle County,newark_de,,,ChIJQX-b9rkBx4kRnJ-qYJIJL1E,https://crabdujour.com/,39.6893909,-75.657766,seafood_restaurant
DEe1f220d512,,,core,Freddies Beach Bar - Rehoboth Beach,,"3 S 1st St, Rehoboth Beach, DE 19971","19971,",Rehoboth Beach,Sussex County,rehoboth_beach,,,ChIJ17DrTla3uIkR15hVVMPVKCI,http://www.freddiesrb.com/,38.7158869,-75.07902349999999,bar
DEe23b75aacd,,,core,Chefs Haven,,"1304 Old Lancaster Pike, Hockessin, DE 19707","19707,",Hockessin,New Castle County,hockessin_greenville,,,ChIJhUmdYHb_xokR1XmmnCiknP0,http://chefshaven.com/,39.7881268,-75.697814,meal_takeaway
DEe259c23473,,,core,Casapulla's,,"514 Casapulla Ave, Wilmington, DE 19805","19805,",Elsmere,New Castle County,new_castle_de,,,ChIJaTkUw439xokR_aMPcozMjOc,,39.740565499999995,-75.5924658,sandwich_shop
DEe2a8eafc2f,,,core,P.F. Chang's,,"331 Christiana Mall, Newark, DE 19702","19702,",Christiana,New Castle County,newark_de,,,ChIJ6VGzcJwBx4kRwyBJ3fHK-34,https://locations.pfchangs.com/de/newark/331-christiana-mall.html?utm_source=google_gbp&utm_medium=organic,39.6787314,-75.6531201,chinese_restaurant
DEe311deb63a,,,core,Outback Steakhouse,,"503 Merrimac Ave, Middletown, DE 19709","19709,",Middletown,New Castle County,middletown_de,,,ChIJgx5pEwChx4kRsH_Fbgi6UEY,https://locations.outback.com/delaware/middletown/503-merrimac-ave.?y_source=1_MTA1MjkxNjQ1My03MTUtbG9jYXRpb24ud2Vic2l0ZQ%3D%3D,39.4425429,-75.73977789999999,steak_house
DEe32289cf11,,,core,Caffè Gelato Restaurant,,"90 E Main St near, Newark, DE 19711","19711,",Main Street,New Castle County,newark_de,,,ChIJXQtwijCqx4kRVdCxEn9id-Y,http://www.caffegelato.net/,39.6834086,-75.7499079,italian_restaurant
DEe418c05bd4,,,core,Two Claws,,"1255 Quintilio Dr, Bear, DE 19701","19701,",Bear,New Castle County,newark_de,,,ChIJ35_JDvEHx4kRjALYBRcR3Q8,http://www.twoclawscajun.com/,39.6305907,-75.6677464,cajun_restaurant
DEe42dfa75ce,,,core,The Peach Blossom Eatery,,"76 E Main St, Newark, DE 19711","19711,",Main Street,New Castle County,newark_de,,,ChIJ2z_O9gWrx4kR3bD4huI3K3s,http://www.peachblossomeatery.com/,39.6835034,-75.7503088,restaurant
DEe5a11e5926,,,core,Sussex Tavern,,"325 W 3rd St, Lewes, DE 19958","19958,",Second Street,Sussex County,lewes,,,ChIJsyPGagC3uIkRp7wrz_MmX5w,http://www.historiclewes.org/,38.7765832,-75.1432786,american_restaurant
DEe5a79c1b86,,,core,Mulligans,,"631 Bayview Rd, Middletown, DE 19709","19709,",Middletown,New Castle County,middletown_de,,,ChIJnT-Zx7wJx4kRqqKqS8ucjpg,http://www.mulligansde.com/,39.4937359,-75.6455258,restaurant
DEe61bedbef8,,,core,The Juice Pod Newark,,"160 E Main St, Newark, DE 19711","19711,",Main Street,New Castle County,newark_de,,,ChIJDwbd3nmrx4kRNy_c-ei3ZdY,https://www.thejuicepod.com/newark,39.6838336,-75.74646129999999,restaurant
DEe6e7e5cd4e,,,core,Legal Grounds Cafe,,"1208 Kirkwood Hwy, Elsmere, DE 19805","19805,",Elsmere,New Castle County,new_castle_de,,,ChIJSwIFnfP9xokRloCM4IYYyso,https://www.legalgroundscafe.com/,39.7390304,-75.6005868,cafe
DEe70d82de73,,,core,Crafty Crab,,"429 S Walnut St, Wilmington, DE 19801","19801,",New Castle,New Castle County,new_castle_de,,,ChIJI_4dBQD9xokRDjah2-CpP7g,https://craftycrabwilmington.kwickmenu.com/,39.7318715,-75.55385690000001,seafood_restaurant
DEe77cce8899,,,core,HomeBase Delaware,,"4723 Concord Pike, Wilmington, DE 19803","19803,",Centreville,New Castle County,hockessin_greenville,,,ChIJ2bCgQr77xokRCtLyYzC6TZM,http://homebasedelaware.com/,39.8188167,-75.5461387,sports_bar
DEe7a450a0f9,,,core,Kum-On-Inn,,"249 Christiana Rd, New Castle, DE 19720","19720,",Christiana,New Castle County,newark_de,,,ChIJdXRBEE4Bx4kR-sZFXWvl1MU,,39.662877099999996,-75.6337205,bar
DEe7b3830905,,,core,Fish Hawk's Restaurant Dewey Beach,,"1904 Coastal Hwy, Dewey Beach, DE 19971","19971,",Dewey Beach,Sussex County,dewey_beach,,,ChIJ7yRP-YO3uIkRz1sJAz95WGo,https://deweybeachrestaurants.com/,38.6950157,-75.07475749999999,restaurant
DEe7e2b7f807,,,core,Catch 45,,"1020 Capitol Tr, Newark, DE 19711","19711,",Newark,New Castle County,newark_de,,,ChIJBWPLxneqx4kRngmXS9W_Cq8,https://catch45.com/,39.6954481,-75.715047,restaurant
DEe7e82a13d9,,,core,Grain On The Rocks,,"43 Cape Henlopen Dr, Lewes, DE 19958","19958,",Second Street,Sussex County,lewes,,,ChIJZQPvlRKxuIkRhnK_dnAFk0w,http://grainontherocks.com/,38.7821044,-75.1188049,restaurant
DEe7ec57991f,,,core,Sunrise Restaurant,,"2300 Coastal Hwy, Dewey Beach, DE 19971","19971,",Dewey Beach,Sussex County,dewey_beach,,,ChIJGekw2uq3uIkRIM1Pb12vPJk,https://sunriserestaurant.toast.site/,38.697376299999995,-75.075298,diner
DEe81ca3ceaf,,,core,Pour House Pike Creek,,"4573 New Linden Hill Rd, Wilmington, DE 19808","19808,",Pike Creek,New Castle County,hockessin_greenville,,,ChIJD7qxARgAx4kRZ-TS0q2Wr1k,,39.7346687,-75.69104,bar
DEe937be9f5f,,,core,FLAVORS ON 13,,"150 S Dupont Hwy, New Castle, DE 19720","19720,",New Castle,New Castle County,new_castle_de,,,ChIJ6_84HQ0Dx4kRKy1YDQvn1Aw,,39.659845,-75.60955609999999,restaurant
DEe968a07087,,,core,Blue Moon,,"35 Baltimore Ave, Rehoboth Beach, DE 19971","19971,",Rehoboth Avenue,Sussex County,rehoboth_beach,,,ChIJW9BuJWm2uIkRlFRtMSff3ko,http://bluemoonrehoboth.com/,38.7173778,-75.07973609999999,fine_dining_restaurant
DEe9a929ee19,,,core,Roost Pub & Kitchen,,"829 N Market St, Wilmington, DE 19801","19801,",Trolley Square,New Castle County,wilmington,,,ChIJY_qBNnX9xokRK6ktOJFMDFg,https://www.roostwilmington.com/,39.744162300000006,-75.54891599999999,american_restaurant
DEe9cc683054,,,core,Metro Diner,,"5600 Concord Pike Unit 5614, Wilmington, DE 19803","19803,",Centreville,New Castle County,hockessin_greenville,,,ChIJm9qIUPT7xokRkghBATGGh_o,https://metrodiner.com/locations/delaware/concord-pike/?utm_source=gmb-listing-map&utm_medium=organic&utm_campaign=google-my-business,39.83464,-75.54341,diner
DEea11c23c58,,,core,Kindle,,"111 Bank St, Lewes, DE 19958","19958,",Second Street,Sussex County,lewes,,,ChIJAYq3SUy3uIkRwEJ4NbX1Rd8,http://www.kindlerestaurant.com/,38.7755444,-75.1393667,american_restaurant
DEea2fa5bd58,,,core,Dewey Beer Co.,,"2100 Coastal Hwy, Dewey Beach, DE 19971","19971,",Dewey Beach,Sussex County,dewey_beach,,,ChIJsbphBRu2uIkRkSS_HwXbwbk,http://www.deweybeerco.com/,38.696127,-75.075018,brewpub
DEeab9fe5c21,,,core,302 Social Eatery and Barroom,,"70 Rehoboth Ave, Rehoboth Beach, DE 19971","19971,",Rehoboth Avenue,Sussex County,rehoboth_beach,,,ChIJ-TxX_Ja3uIkRuUp6_YPi55w,https://www.302socialrehoboth.com/,38.715973399999996,-75.0787157,restaurant
DEeae30c8be5,,,core,The Starboard,,"2009 DE-1, Dewey Beach, DE 19971","19971,",Dewey Beach,Sussex County,dewey_beach,,,ChIJr8LGChu2uIkRLZkCJm_NNc0,http://thestarboard.com/,38.69556,-75.07565,bar_and_grill
DEeb52803d68,,,core,Applebee's Grill + Bar,,"320 Dove Run Centre Dr, Middletown, DE 19709","19709,",Middletown,New Castle County,middletown_de,,,ChIJSzMn-fIKx4kRP3LlD9MgJTo,https://restaurants.applebees.com/en-us/de/middletown/320-dove-run-centre-blvd.-98088?utm_source=google&utm_medium=organic&utm_campaign=google_my_business&utm_term=98088&utm_content=website,39.4527925,-75.68794299999999,restaurant
DEeb70f6638f,,,core,Stingray Sushi Bar + Asian Grill,,"59 Lake Ave, Rehoboth Beach, DE 19971","19971,",Rehoboth Avenue,Sussex County,rehoboth_beach,,,ChIJw3hjD0K2uIkRQYzitxG670Q,http://www.stingrayrestaurant.com/,38.7169767,-75.0846353,bar_and_grill
DEeb93b5cdfd,,,core,Raas,,"210 Savannah Rd, Lewes, DE 19958","19958,",Second Street,Sussex County,lewes,,,ChIJKx99ieK3uIkRw9TibWBxusI,https://www.raaslewes.com/,38.7746317,-75.13919179999999,restaurant
DEeb9471c6b5,,,core,Grain Craft Bar + Kitchen,,"270 E Main St, Newark, DE 19711","19711,",Main Street,New Castle County,newark_de,,,ChIJNbxjDTyqx4kRgX9PurwplxQ,http://www.meetatgrain.com/,39.684055,-75.742228,gastropub
DEeb95f29fd3,,,core,Graze Craze Charcuterie Boards & Boxes,,"683 Yorklyn Rd, Hockessin, DE 19707","19707,",Hockessin,New Castle County,hockessin_greenville,,,ChIJOeijQef_xokRvUyBaiez-6s,https://order.toasttab.com/online/graze-craze-hockessin-de,39.79005,-75.69370839999999,catering_service
DEecf8264ac3,,,core,Nasi Malay Thai Sushi,,"308 Fox Hunt Dr, Bear, DE 19701","19701,",Bear,New Castle County,newark_de,,,ChIJ4-sOF4sHx4kR3pFfOA1ciYo,http://www.nasidelaware.com/,39.6065882,-75.71127229999999,restaurant
DEecfe85bffb,,,core,Crimson Moon,,"1909 W 6th St, Wilmington, DE 19805","19805,",Trolley Square,New Castle County,wilmington,,,ChIJLfbE2Ar9xokRKA2bZS19e44,http://www.crimsonmoonde.com/,39.7507144,-75.5713816,night_club
DEedb1794673,,,core,Gary's Dewey Beach Grill,,"2000 Coastal Hwy, Dewey Beach, DE 19971","19971,",Dewey Beach,Sussex County,dewey_beach,,,ChIJuQChEhu2uIkR1gGIjApi3jk,http://garysdeweybeach.com/,38.6953822,-75.0749546,restaurant
DEedef61db00,,,core,Obie's By the Sea,,"1 Olive Ave, Rehoboth Beach, DE 19971","19971,",Rehoboth Beach,Sussex County,rehoboth_beach,,,ChIJrwfOaG-2uIkRgdSMdmIwU4k,http://obiesrehoboth.com/,38.7194326,-75.07674229999999,bar_and_grill
DEee22f78f4f,,,core,Aloha Tiki Bar,,"7 Caldwell Pl, Newark, DE 19711","19711,",Main Street,New Castle County,newark_de,,,ChIJc3JsaACrx4kRNjsqcmMS2HY,,39.682041,-75.7407602,bar
DEee76f8f8ad,,,core,FINS Fish House & Raw Bar,,"243 Rehoboth Ave, Rehoboth Beach, DE 19971","19971,",Rehoboth Avenue,Sussex County,rehoboth_beach,,,ChIJt7Pk-Gm2uIkR5k0Q5VhyuBs,https://www.finsrawbar.com/,38.716013,-75.084702,seafood_restaurant
DEee92171187,,,core,Ali Baba Mid Eastern Restaurant,,"175 E Main St, Newark, DE 19711","19711,",Main Street,New Castle County,newark_de,,,ChIJjx1OUzqqx4kRmSX7oCg1amc,https://alibabade.com/,39.683396699999996,-75.7458934,moroccan_restaurant
DEeef68b4169,,,core,Coco Mango Island Grille,,"17603 Shady Rd, Lewes, DE 19958","19958,",Savannah Road,Sussex County,lewes,,,ChIJ7zGNCAe4uIkRHTXb4cqKsLY,,38.7457068,-75.1683815,caribbean_restaurant
DEeffe8deda7,,,core,Restaurante Las Cazuelitas,,"3125 New Castle Ave, New Castle, DE 19720","19720,",New Castle,New Castle County,new_castle_de,,,ChIJNfj-j_oDx4kRPazGPd6IDgw,http://orderrestaurantelascazuelitas.com/,39.7097966,-75.5497879,restaurant
DEf02235c26c,,,core,The Copper Dram,,"3826 Kennett Pike, Greenville, DE 19807","19807,",Riverfront,New Castle County,wilmington,,,ChIJsZZoXkr8xokROhE5Vm2mAW0,http://www.copperdram.com/,39.7757629,-75.59607260000001,bar
DEf0241f9ff3,,,core,Kelly's Tavern,,"102 Market St, Port Penn, DE 19731","19731,",Delaware City,New Castle County,new_castle_de,,,ChIJtTwKmfcOx4kRBghUPogK5tA,https://kellystavern.com/,39.5166118,-75.5770374,bar
DEf07df97dd3,,,core,Dream's restaurant & bar,,"1025 Chestnut St, Wilmington, DE 19805","19805,",Elsmere,New Castle County,new_castle_de,,,ChIJj1J9HNT9xokRp0t2Quz7FZg,https://www.instagram.com/dreamsrestaurantbar?igsh=NHV3NTBnYmxhZ21i,39.74143230000001,-75.56394569999999,restaurant
DEf0a35a1ad3,,,core,Balboa Steaks,,"17 N Chapel St, Newark, DE 19711","19711,",Newark,New Castle County,newark_de,,,ChIJd6JBjuGrx4kRuuM9yBNdbtk,https://www.balboasteaks.com/,39.6841603,-75.74595939999999,american_restaurant
DEf115a4a265,,,core,Keglers,,"3031 New Castle Ave, New Castle, DE 19720","19720,",Bear,New Castle County,newark_de,,,ChIJSZaISvoDx4kRaN9GiTfZQrk,http://www.bowlerama.us/keglers,39.7026007,-75.5529671,bar
DEf13f905a61,,,core,El Diablo Burritos,,"13 Trolley Square, Wilmington, DE 19806","19806,",Trolley Square,New Castle County,wilmington,,,ChIJy2e2FxD9xokR_W3t9LzBFcU,http://eldiabloburritos.com/,39.7575426,-75.5613643,burrito_restaurant
DEf19b78f920,,,core,The Perfect Cup Cafe,,"7460 Lancaster Pike, Hockessin, DE 19707","19707,",Hockessin,New Castle County,hockessin_greenville,,,ChIJSzjj-nb_xokRRGI6YxiqxF8,https://theperfectcupcafe.com/,39.7892064,-75.6988271,cafe
DEf1a83bccfd,,,core,Santa Fe Mexican Grill - Newark,,"190 E Main St Suite A, Newark, DE 19711","19711,",Main Street,New Castle County,newark_de,,,ChIJ0_wJrTuqx4kRcwHeIbRbubM,https://www.santafemexicangrill.com/,39.6838444,-75.7457572,mexican_restaurant
DEf2096da9da,,,core,Deerfield,,"507 Thompson Station Rd, Newark, DE 19711","19711,",Newark,New Castle County,newark_de,,,ChIJhQ4tLuWqx4kRE6tqYPfb2nE,https://deerfieldgolfclub.com/?utm_source=extnet&utm_medium=yext,39.718576399999996,-75.7506774,golf_course
DEf27035fcda,,,core,Tom Foolery's Restaurant & Bar,,"714 Ash Blvd, Middletown, DE 19709","19709,",Middletown,New Castle County,middletown_de,,,ChIJgVYIaXugx4kRyNgfX1-aOjw,http://tomfoolerysrestaurant.com/,39.459031499999995,-75.7245001,american_restaurant
DEf27cba8080,,,core,Slo and Lo BBQ,,"209 Monroe Ave, Lewes, DE 19958","19958,",Second Street,Sussex County,lewes,,,ChIJo9mcueO3uIkRN_kQvZa7jpQ,,38.7675973,-75.1380698,barbecue_restaurant
DEf31d98e1ae,,,core,The Chancery Market,,"1313 N Market St, Wilmington, DE 19801","19801,",Trolley Square,New Castle County,wilmington,,,ChIJyUOpIxv9xokR41yB28kl-jQ,https://www.thechancerymarket.com/,39.748898,-75.5460602,restaurant
DEf331648b2b,,,core,Dani’s Pizza Italian Restaurant,,"1 S Broom St, Wilmington, DE 19805","19805,",Little Italy,New Castle County,wilmington,,,ChIJxRt0QkP9xokR9ESJtyJUXeg,https://friedchikentacoloco.toast.site/order?diningOption=takeout&rwg_token=AFd1xnHOX9z5aYlFEjF1BrQM9sUSGlmdko8tTIp-vv1rcHTagWGFGOqFFq7eaEZiPy5g4W8wEzDTY8_QY0mC_DjqxmxX6A3JOOakM7iO802nkjVRUArGkCQ%3D,39.74384,-75.567655,restaurant
DEf34c17cadf,,,core,"La Tolteca - Wilmington,DE",,"4147 Concord Pike, Wilmington, DE 19803","19803,",Centreville,New Castle County,hockessin_greenville,,,ChIJe29Xwr78xokRqrs1EN4fdos,https://latolteca.com/restaurant/,39.8121649,-75.5489719,mexican_restaurant
DEf364e8dd34,,,core,Sweet Daddy's Bar And Grill,,"3806 Governor Printz Blvd, Wilmington, DE 19802","19802,",Trolley Square,New Castle County,wilmington,,,ChIJwTeF2NHixokR_mtIiD8vYmA,,39.7534091,-75.5200364,bar
DEf4125f3c20,,,core,Sticky Rice Thai Style Tapas,,"1604 Savannah Rd, Lewes, DE 19958","19958,",Second Street,Sussex County,lewes,,,ChIJ1UOQBp-5uIkRiELpBkRs2Yc,http://www.stickyricede.com/,38.7509891,-75.1653765,thai_restaurant
DEf480b83b9e,,,core,Sakura Japanese Sushi in Elsmere,,"1203 Kirkwood Hwy, Wilmington, DE 19805","19805,",Elsmere,New Castle County,new_castle_de,,,ChIJO80PovP9xokRpDP3rY3IkTw,https://sakurajapanesesushiinelsmere.gbic.shop/,39.739721599999996,-75.6008733,japanese_restaurant
DEf4db5e11e1,,,core,Corner Cove Restaurant & Bar,,"410 Hockessin Cor, Hockessin, DE 19707","19707,",Hockessin,New Castle County,hockessin_greenville,,,ChIJYx5Udkj_xokRKviIW7_uZfg,,39.7870553,-75.6966662,restaurant
DEf4e523c4e5,,,core,Mason's Famous Lobster Rolls,,"67 Rehoboth Ave, Rehoboth Beach, DE 19971","19971,",Rehoboth Avenue,Sussex County,rehoboth_beach,,,ChIJR6l6y262uIkRv2aiO_FymZY,https://www.masonslobster.com/,38.716771699999995,-75.0784918,seafood_restaurant
DEf4f59e8c67,,,core,Beer Garden at Whitehall,,"735 Mapleton Ave, Middletown, DE 19709","19709,",Bear,New Castle County,newark_de,,,ChIJRaYFTGEJx4kRYdzHOQyQTcI,https://www.beergardenatwhitehall.com/,39.5321475,-75.6808455,beer_garden
DEf51a59a1fd,,,core,Cafe Pomodoro,,"5337 Limestone Rd B, Wilmington, DE 19808","19808,",Hockessin,New Castle County,hockessin_greenville,,,ChIJrzZqQ-L_xokR6dTYIEoH4Y4,https://cafepomodorode.com/,39.747105,-75.69853680000001,italian_restaurant
DEf5399c0828,,,core,Plaza Ázteca | Mexican Restaurant · Bear,,"928 Bear Corbitt Rd, Bear, DE 19701","19701,",Bear,New Castle County,newark_de,,,ChIJX21_6cgHx4kRpeBqBZPnSaw,https://plazaazteca.com/newark/,39.6311203,-75.66058400000001,mexican_restaurant
DEf53c6ca067,,,core,Potstickers Asian Grill,,"1247 Churchmans Rd, Newark, DE 19713","19713,",Christiana,New Castle County,newark_de,,,ChIJMTJ9VxsBx4kRuiJI55y-DY0,https://www.potstickersasiangrill.com/,39.6910538,-75.6606857,asian_restaurant
DEf590bd08f2,,,core,The Pines Coastal Tavern,,"56 Baltimore Ave, Rehoboth Beach, DE 19971","19971,",Rehoboth Avenue,Sussex County,rehoboth_beach,,,ChIJhZFOdWm2uIkRHUqEaA0Mrq8,https://thepinesrb.com/,38.716725,-75.0814953,restaurant
DEf599866e3d,,,core,Lefty's Alley & Eats,,"36450 Plaza Blvd, Lewes, DE 19958","19958,",Lewes,Sussex County,lewes,,,ChIJ71yE14DwuIkRqFRfe3jkq_o,https://iloveleftys.com/,38.7429254,-75.15318409999999,restaurant
DEf5d7b143db,,,core,Java Bean Cafe,,"3533 Philadelphia Pike, Claymont, DE 19703","19703,",Claymont,New Castle County,new_castle_de,,,ChIJRaJ8D4nlxokRZN3ck5v_0wQ,http://java-bean-cafe.square.site/,39.8029438,-75.45748789999999,breakfast_restaurant
DEf67224a909,,,core,Jackson House,,"17 Wood St, Middletown, DE 19709","19709,",Middletown,New Castle County,middletown_de,,,ChIJPZjUG8mhx4kRXXwp3CFYpDY,https://jacksonhousede.com/,39.4506307,-75.7207489,restaurant
DEf6bd2b8332,,,core,The Dunes,,"105 S Boardwalk Fl 1, Rehoboth Beach, DE 19971","19971,",Rehoboth Beach boardwalk,Sussex County,rehoboth_beach,,,ChIJR5oM1vq3uIkRtKpY2tlsDAs,https://abovethedunes.com/the-dunes/,38.7153942,-75.0760176,restaurant
DEf6c09b1022,,,core,Del Pez Mexican Gastropub - Newark,,"501 Grove Ln, Newark, DE 19711","19711,",Main Street,New Castle County,newark_de,,,ChIJN27ioDqrx4kRCFbkoIeFDq4,https://www.delpezmexicanpub.com/,39.681477099999995,-75.73458889999999,gastropub
DEf771f9d882,,,core,Nan Xiang Soup Dumplings - Delaware,,"101 Geoffrey Dr, Newark, DE 19713","19713,",Christiana,New Castle County,newark_de,,,ChIJvzQ7SQABx4kRhZrJugLbnYA,https://nanxiangxiaolongbao.com/?utm_source=google_gbp&utm_medium=organic&utm_campaign=de_newark,39.686862,-75.6509133,chinese_restaurant
DEf7b11d3586,,,core,Oishii Ocean - Japanese & Cajun Seafood,,"170 E Main St, Newark, DE 19711","19711,",Main Street,New Castle County,newark_de,,,ChIJXym3RbCrx4kR9N8NelGYiuo,http://www.oishiiocean.com/,39.6838039,-75.7461728,japanese_restaurant
DEf904e67ed5,,,core,Tex-Mex Burriro,,"2307 W Newport Pike suite b, Wilmington, DE 19804","19804,",Newport,New Castle County,new_castle_de,,,ChIJU1G_5G4Bx4kRWz836sQFEb8,http://www.texmexburriro.com/,39.7150837,-75.6428186,mexican_restaurant
DEf91a1dccc3,,,core,The Inn at Montchanin Village & Spa - A Historic Hotel of America,,"GPS: 528, 528 Montchanin Rd, Montchanin, DE 19710","19710,",Centreville,New Castle County,hockessin_greenville,,,ChIJk9PVU0L8xokR4NSQe2qgT8s,http://www.montchanin.com/,39.7906502,-75.5887699,hotel
DEfa5fa964c0,,,core,Texas Roadhouse,,"741 Middletown Warwick Rd, Middletown, DE 19709","19709,",Middletown,New Castle County,middletown_de,,,ChIJ1xGMWD6gx4kRD-rNGt-Jer0,https://www.texasroadhouse.com/locations/delaware/middletown?utm_source=listing&utm_medium=search,39.44377,-75.7400823,steak_house
DEfabc801388,,,core,Tyler's Bar & Grille,,"5343 Limestone Rd, Wilmington, DE 19808","19808,",Little Italy,New Castle County,wilmington,,,ChIJxfjoW-L_xokR5gtMqdAW9bg,http://www.tylersrestaurant.com/,39.7473321,-75.6984785,bar_and_grill
DEfaf1a110f9,,,core,Dickey's Barbecue Pit,,"2832 Pulaski Hwy, Newark, DE 19702","19702,",Glasgow,New Castle County,newark_de,,,ChIJcbdiBympx4kReH3j7uekXHw,https://www.dickeys.com/locations/Delaware/Newark/newark,39.6042779,-75.76892699999999,restaurant
DEfba6142509,,,core,TenderBones Rib Shack,,"2504 Red Lion Rd, Bear, DE 19701","19701,",Bear,New Castle County,newark_de,,,ChIJd2w6bhEIx4kR_pEARsRvmsU,,39.5702095,-75.6973216,barbecue_restaurant
DEfc0ace4b1c,,,core,Gus's Crab Shack,,"29 W Market St, Port Penn, DE 19731","19731,",Delaware City,New Castle County,new_castle_de,,,ChIJq6qu3u4Jx4kRX0r8t0vOxuk,http://gusgotcrabs.com/,39.520309399999995,-75.5823898,restaurant
DEfd9bd01b2a,,,core,SeaGlass Bistro,,"23 Baltimore Ave, Rehoboth Beach, DE 19971","19971,",Midway,Sussex County,rehoboth_beach,,,ChIJR6l4ozi3uIkRhw_JEHMIwco,http://www.seaglassbistrorb.com/,38.7175546,-75.0786129,restaurant
DEfedaa11dd7,,,core,La Fable,,"26 Baltimore Ave, Rehoboth Beach, DE 19971","19971,",Rehoboth Beach,Sussex County,rehoboth_beach,,,ChIJAVutLWm2uIkRdz69SpZb1Ew,http://www.megancollective.com/,38.7171364,-75.0787021,french_restaurant
DEfedd6390cb,,,core,El Ródeo Loco,,"2136 W Newport Pike, Wilmington, DE 19804","19804,",Newport,New Castle County,new_castle_de,,,ChIJl02VMygBx4kR_COO19aYVN4,https://order.spoton.com/so-el-rodeo-loco-19659/wilmington-de/666059afde2ff0003f982631,39.7150405,-75.6415159,mexican_restaurant
DEfefcbdbb6e,,,core,Sangam Indian Restaurant,,"307 Rocky Run Pkwy, Wilmington, DE 19803","19803,",Centreville,New Castle County,hockessin_greenville,,,ChIJw4VEdpf7xokR_g1I54jj7v4,https://sangamwilmington.com/,39.8192825,-75.5495155,indian_restaurant
DEfeff137508,,,core,Kyoto Japanese Cuisine,,"4563 New Linden Hill Rd, Wilmington, DE 19808","19808,",Pike Creek,New Castle County,hockessin_greenville,,,ChIJRRX8oSIAx4kRWBP3C0SITO4,https://www.smorefood.com/order-online/kyoto-japanese-cuisine-wilmington-19808-x67vpkq5?utm_source=gmb&utm_medium=website,39.7346577,-75.6907945,japanese_restaurant
DEff1301dbf2,,,core,Tasty hub,,"515 Eden Cir, Bear, DE 19701","19701,",Bear,New Castle County,newark_de,,,ChIJwQ3VQtsHx4kRHMpPJ-P7Y94,,39.632049699999996,-75.6545857,restaurant
DEff6bbca472,,,core,Chelsea Tavern,,"821 N Market St, Wilmington, DE 19801","19801,",Trolley Square,New Castle County,wilmington,,,ChIJJV9osUH9xokRZ08IoXz2rP8,http://www.chelseatavern.com/,39.744039799999996,-75.5491862,bar_and_grill
DEffd025ba9c,,,core,Walter's Steakhouse,,"802 N Union St, Wilmington, DE 19805","19805,",Union Street,New Castle County,wilmington,,,ChIJYRl_qAv9xokR3YguInkmt3c,http://www.walters-steakhouse.com/,39.7522933,-75.5706311,steak_house
